lambda_spatial,iterations,objective,edge_disagreement,silhouette,calinski_harabasz,davies_bouldin
0.0,1,750.955071271678,0.5018333333333334,0.38716217683722853,1190.883033699841,0.9634077907042364
0.25,3,1472.1840785665715,0.47433333333333333,0.3827126228324961,1178.8422161643168,0.9690699664315368
0.5,5,2143.0067463782584,0.452,0.3729969879341317,1150.081113031275,0.984836068640111
1.0,4,3211.8422665919743,0.36666666666666664,0.30073050872172247,937.1592889062201,1.1479074129981481
2.0,10,3243.8279217445242,0.10983333333333334,0.05712200312463418,454.9850059725193,3.368390138522142
