time,latitude,longitude,depth,mag,magType,nst,gap,dmin,rms,net,id,updated,place,type,horizontalError,depthError,magError,magNst,status,locationSource,magSource
2020-01-01T10:38:35.620Z,33.8113333,-117.6896667,9.79,3.16,ml,153,21,0.05963,0.22,ci,ci39019703,2024-10-14T17:48:51.290Z,"11km ENE of North Tustin, CA",earthquake,0.12,0.28,0.167,240,reviewed,ci,ci
2020-01-02T07:16:31.930Z,37.176,-121.5638333,5.29,3.86,mw,207,41,0.05156,0.12,nc,nc73322626,2022-02-07T20:55:12.869Z,"10km ENE of Morgan Hill, CA",earthquake,0.1,0.39,,6,reviewed,nc,nc
2020-01-02T10:13:00.020Z,33.9173333,-119.2283333,5.94,4.03,mw,80,150,0.2607,0.29,ci,ci39020663,2024-10-16T23:37:53.000Z,"26km S of Port Hueneme, CA",earthquake,0.41,31.61,,6,reviewed,ci,ci
2020-01-03T05:48:05.430Z,35.7928333,-117.6163333,5.37,3.14,ml,51,30,0.02607,0.16,ci,ci39021735,2021-10-12T20:47:25.180Z,"19km W of Searles Valley, CA",earthquake,0.15,0.38,0.12,89,reviewed,ci,ci
2020-01-03T16:40:15.900Z,36.2486667,-120.8206667,7.22,3.31,ml,80,126,0.03627,0.12,nc,nc73323271,2020-03-21T17:13:04.040Z,"22km NE of San Lucas, CA",earthquake,0.22,0.36,0.18,58,reviewed,nc,nc
2020-01-06T09:37:46.170Z,36.9616667,-121.5908333,3.13,3.02,ml,98,23,0.009483,0.12,nc,nc73324311,2021-02-22T02:05:27.749Z,"5km SSW of Gilroy, CA",earthquake,0.11,0.2,0.169,168,reviewed,nc,nc
2020-01-07T10:28:23.890Z,36.842,-121.5775,6.3,3.04,ml,92,21,0.01946,0.13,nc,nc73324681,2020-03-21T17:13:04.040Z,"4km W of San Juan Bautista, CA",earthquake,0.14,0.32,0.213,166,reviewed,nc,nc
2020-01-08T16:11:18.170Z,35.6765,-117.5478333,6.6,3.48,ml,59,50,0.04975,0.16,ci,ci39028647,2021-10-12T20:51:28.010Z,"13km ENE of Ridgecrest, CA",earthquake,0.14,0.28,0.167,141,reviewed,ci,ci
2020-01-12T05:21:02.820Z,32.3661667,-115.2131667,27.69,3.98,mw,34,108,0.09415,0.31,ci,ci39033039,2024-10-16T23:32:46.290Z,"2km WNW of Delta, B.C., MX",earthquake,0.63,0.45,,4,reviewed,ci,ci
2020-01-13T10:58:20.600Z,36.8761667,-121.61,6.72,3.21,ml,83,21,0.02346,0.1,nc,nc73326936,2021-01-17T05:23:26.329Z,"3km ESE of Aromas, CA",earthquake,0.13,0.3,0.23,64,reviewed,nc,nc
2020-01-17T13:06:21.470Z,35.6453333,-117.4826667,9.12,3.01,ml,51,41,0.00413,0.13,ci,ci39273704,2021-10-12T20:39:15.440Z,"15km SSW of Searles Valley, CA",earthquake,0.12,0.22,0.129,89,reviewed,ci,ci
2020-01-17T13:47:46.380Z,40.1411667,-123.8435,22.98,3.1,ml,30,61,0.04987,0.16,nc,nc73328466,2020-04-08T19:40:18.040Z,"3km NW of Redway, CA",earthquake,0.32,0.31,0.366,47,reviewed,nc,nc
2020-01-21T02:08:19.120Z,35.6173333,-117.432,10.17,3.07,ml,75,27,0.04255,0.16,ci,ci39276560,2021-10-12T20:42:19.050Z,"17km S of Searles Valley, CA",earthquake,0.12,0.19,0.156,246,reviewed,ci,ci
2020-01-22T07:41:10.790Z,34.3005,-118.4855,7.72,3.6,ml,193,20,0.0192,0.25,ci,ci39277736,2024-10-14T19:24:45.790Z,"4km NNE of Granada Hills, CA",earthquake,0.12,0.39,0.149,331,reviewed,ci,ci
2020-01-22T08:52:56.340Z,32.413,-115.2503333,23.2,3,ml,41,69,0.04669,0.31,ci,ci39277800,2020-04-11T18:20:37.040Z,"8km NW of Delta, B.C., MX",earthquake,0.54,1.19,0.191,54,reviewed,ci,ci
2020-01-25T03:03:34.920Z,35.0975,-116.9696667,3.07,4.62,mw,46,33,0.2228,0.14,ci,ci39281440,2024-10-14T20:45:23.960Z,"23km NNE of Barstow, CA",earthquake,0.14,0.66,,6,reviewed,ci,ci
2020-01-25T03:09:43.600Z,35.0946667,-116.9678333,3.29,3.03,ml,36,53,0.2201,0.12,ci,ci39281456,2024-10-14T20:42:14.360Z,"22km NNE of Barstow, CA",earthquake,0.13,0.58,0.146,137,reviewed,ci,ci
2020-01-27T05:25:22.800Z,34.9955,-116.9406667,4.5,3.09,ml,37,56,0.1285,0.12,ci,ci39283296,2024-10-14T20:40:09.460Z,"13km NE of Barstow, CA",earthquake,0.12,0.59,0.149,145,reviewed,ci,ci
2020-01-29T12:30:50.220Z,39.2676667,-123.222,6.4,3.47,mw,61,46,0.04165,0.09,nc,nc73333256,2020-08-27T09:42:31.895Z,"2km W of Redwood Valley, CA",earthquake,0.11,0.32,,6,reviewed,nc,nc
2020-01-29T12:56:21.840Z,35.4358333,-119.0083333,17.99,3.19,ml,44,37,0.1018,0.23,ci,ci39285816,2024-10-14T20:11:04.554Z,"2km NNE of Oildale, CA",earthquake,0.21,0.59,0.14,261,reviewed,ci,ci
2020-01-31T07:45:37.110Z,32.3908333,-115.2363333,18.88,3,ml,35,73,0.06474,0.32,ci,ci39287680,2020-04-18T22:10:01.040Z,"6km NW of Delta, B.C., MX",earthquake,0.5,1,0.165,49,reviewed,ci,ci
2020-02-01T02:13:24.090Z,37.4565,-118.6135,12.73,3.35,ml,34,85,0.1106,0.07,nc,nc73334336,2020-04-18T22:10:07.040Z,"5km NNW of Round Valley, CA",earthquake,0.31,0.76,0.172,53,reviewed,nc,nc
2020-02-01T18:36:54.340Z,37.5891667,-118.8216667,9.78,4.41,mw,41,96,0.005974,0.05,nc,nc73334451,2020-04-18T22:10:10.040Z,"13km WNW of Toms Place, CA",earthquake,0.22,0.28,,5,reviewed,nc,nc
2020-02-02T00:59:50.610Z,33.5768333,-116.8171667,5.16,3.64,mw,157,12,0.04738,0.21,ci,ci39289384,2020-12-05T06:46:55.477Z,"14km W of Anza, CA",earthquake,0.09,0.39,,6,reviewed,ci,ci
2020-02-02T17:34:29.739Z,37.795,-114.3031,3.2,3.7,ml,13,64.95,0.213,0.1627,nn,nn00716412,2020-04-18T22:10:17.040Z,"7 km E of Panaca, Nevada",earthquake,,1.9,0.45,2,reviewed,nn,nn
2020-02-02T17:39:09.996Z,37.8016,-114.3058,6.3,3.6,ml,11,70.82,0.207,0.2203,nn,nn00716417,2020-04-18T22:10:17.040Z,"7 km E of Panaca, Nevada",earthquake,,1.9,0,1,reviewed,nn,nn
2020-02-02T19:50:54.156Z,37.7952,-114.3039,7.4,3.1,ml,10,69.59,0.212,0.1837,nn,nn00716423,2020-04-18T22:10:17.040Z,"7 km E of Panaca, Nevada",earthquake,,3.1,0,1,reviewed,nn,nn
2020-02-03T10:39:57.770Z,40.4341667,-124.6501667,23.8,3.16,ml,51,234,0.2422,0.15,nc,nc73335171,2020-04-18T22:10:19.040Z,"33km WNW of Petrolia, CA",earthquake,0.6,0.95,0.259,52,reviewed,nc,nc
2020-02-06T08:20:24.620Z,40.3025,-124.3835,8.8,3.76,mw,21,237,0.0343,0.09,nc,nc73336226,2020-04-25T22:18:04.040Z,"9km WSW of Petrolia, CA",earthquake,0.5,0.24,,5,reviewed,nc,nc
2020-02-06T11:05:29.590Z,40.2875,-124.3615,7.48,3.06,ml,21,246,0.0145,0.13,nc,nc73336291,2020-04-25T22:18:07.040Z,"8km WSW of Petrolia, CA",earthquake,0.65,0.3,0.23,21,reviewed,nc,nc
2020-02-08T19:34:20.720Z,35.095,-116.9671667,2.27,3.93,mw,46,33,0.2205,0.13,ci,ci39296624,2024-10-14T20:43:18.960Z,"22km NNE of Barstow, CA",earthquake,0.12,0.6,,4,reviewed,ci,ci
2020-02-13T03:33:42.050Z,36.6888333,-121.2826667,8.55,3.6,mw,72,44,0.02505,0.11,nc,nc73340375,2020-05-27T17:08:43.797Z,"12km SSE of Tres Pinos, CA",earthquake,0.14,0.34,,5,reviewed,nc,nc
2020-02-13T12:55:47.410Z,35.827,-116.6018333,1.05,3.16,ml,42,75,0.257,0.2,ci,ci39070271,2024-10-14T20:37:00.130Z,"34km W of Tecopa, CA",earthquake,0.2,0.75,0.155,77,reviewed,ci,ci
2020-02-17T06:32:06.550Z,32.0603333,-116.359,16.36,3,ml,59,91,0.3228,0.26,ci,ci39074143,2020-05-02T22:10:04.040Z,"32km NE of Ensenada, B.C., MX",earthquake,0.26,0.85,0.15,165,reviewed,ci,ci
2020-02-18T19:04:19.780Z,36.2083333,-118.1278333,1.98,3.15,ml,61,67,0.2343,0.17,ci,ci39075799,2024-10-14T20:24:28.880Z,"14km SW of Olancha, CA",earthquake,0.16,0.56,0.151,213,reviewed,ci,ci
2020-02-19T00:29:50.760Z,36.8083333,-118.1373333,3.78,3.33,ml,47,36,0.2564,0.21,ci,ci39076207,2024-10-14T20:16:22.610Z,"6km E of Independence, CA",earthquake,0.22,1.31,0.182,205,reviewed,ci,ci
2020-02-20T08:53:20.270Z,35.6265,-117.4731667,8.79,3.18,ml,57,53,0.0193,0.14,ci,ci39077911,2021-10-12T21:34:51.140Z,"17km SSW of Searles Valley, CA",earthquake,0.12,0.26,0.159,281,reviewed,ci,ci
2020-02-21T13:42:53.410Z,34.5075,-118.6345,18.06,3.52,mw,130,19,0.01866,0.23,ci,ci39079535,2024-10-14T17:54:57.950Z,"2km NNW of Castaic, CA",earthquake,0.14,0.33,,6,reviewed,ci,ci
2020-02-21T18:39:39.620Z,35.6703333,-117.53,8.85,3.11,ml,72,37,0.04935,0.15,ci,ci39079791,2021-10-12T22:28:29.061Z,"14km ENE of Ridgecrest, CA",earthquake,0.1,0.24,0.078,21,reviewed,ci,ci
2020-02-22T19:14:27.580Z,40.2895,-124.6736667,7.07,4.33,mw,27,286,0.2533,0.16,nc,nc73344735,2020-05-09T21:41:12.040Z,"33km W of Petrolia, CA",earthquake,1.48,0.86,,4,reviewed,nc,nc
2020-02-25T17:16:03.900Z,35.6788333,-117.4625,5.24,3.24,ml,63,39,0.03546,0.15,ci,ci39083119,2021-10-12T22:23:43.070Z,"11km SSW of Searles Valley, CA",earthquake,0.12,0.27,0.157,94,reviewed,ci,ci
2020-02-25T17:19:38.610Z,33.8725,-119.3596667,5.95,3.08,ml,28,138,0.3287,0.28,ci,ci39083127,2021-04-25T05:11:26.645Z,"23km SE of Santa Cruz Is. (E end), CA",earthquake,0.5,31.61,0.161,92,reviewed,ci,ci
2020-02-25T22:35:19.320Z,35.3546667,-117.8158333,4.29,3.32,ml,64,32,0.09044,0.2,ci,ci39083439,2021-10-12T22:16:34.323Z,"16km W of Johannesburg, CA",earthquake,0.15,0.54,0.193,144,reviewed,ci,ci
2020-02-26T18:34:13.170Z,38.8345,-122.7873333,2.29,3.68,mw,86,46,0.004557,0.06,nc,nc73346395,2021-04-19T19:16:06.215Z,"6km WNW of Cobb, CA",earthquake,0.1,0.15,,3,reviewed,nc,nc
2020-02-27T23:27:29.870Z,38.8338333,-122.8066667,2.73,3.68,mw,92,27,0.01076,0.06,nc,nc73347185,2020-05-19T22:14:03.040Z,"7km W of Cobb, CA",earthquake,0.09,0.14,,4,reviewed,nc,nc
2020-02-29T12:35:37.930Z,35.8473333,-117.677,4.59,3.1,ml,63,20,0.07188,0.16,ci,ci39087367,2021-03-10T00:20:50.214Z,"23km ESE of Little Lake, CA",earthquake,0.11,0.28,0.122,258,reviewed,ci,ci
2020-03-02T12:56:26.829Z,40.5756,-116.2838,8.9,3.5,ml,9,82.22,0.36,0.0677,nn,nn00718129,2020-05-19T22:14:19.040Z,"21 km SW of Carlin, Nevada",earthquake,,13.3,0.15,7,reviewed,nn,nn
2020-03-02T22:38:06.070Z,32.8,-115.4518333,14.29,3.1,ml,74,29,0.006796,0.32,ci,ci39088935,2020-05-19T22:14:21.040Z,"7km W of Holtville, CA",earthquake,0.23,0.44,0.178,165,reviewed,ci,ci
2020-03-03T00:32:50.880Z,35.8963333,-117.6998333,4.49,3.25,ml,38,32,0.06526,0.14,ci,ci39089007,2020-05-19T22:14:21.040Z,"19km ESE of Little Lake, CA",earthquake,0.12,0.31,0.104,69,reviewed,ci,ci
2020-03-03T02:54:18.630Z,32.1455,-115.1141667,15.64,3.25,ml,23,140,0.131,0.32,ci,ci39089087,2020-05-19T22:14:21.040Z,"10km SSE of Alberto Oviedo Mota, B.C., MX",earthquake,0.85,1.21,0.169,24,reviewed,ci,ci
2020-03-03T15:01:01.500Z,36.4996667,-120.6166667,10.93,3.99,mw,69,68,0.2162,0.16,nc,nc73349375,2020-05-19T22:14:23.040Z,"10km NNE of New Idria, CA",earthquake,0.29,1.25,,5,reviewed,nc,nc
2020-03-03T18:21:32.930Z,39.258,-123.2161667,6.34,3.61,mw,52,50,0.04891,0.09,nc,nc73349450,2020-10-20T02:09:56.530Z,"1km SW of Redwood Valley, CA",earthquake,0.15,0.4,,4,reviewed,nc,nc
2020-03-07T08:49:13.250Z,36.1115,-117.8641667,2.65,3.44,ml,38,55,0.009675,0.15,ci,ci38386162,2020-05-23T22:03:07.040Z,"11km NE of Coso Junction, CA",earthquake,0.14,0.24,0.141,301,reviewed,ci,ci
2020-03-07T12:51:16.870Z,36.1145,-117.8621667,2.14,3.66,mw,38,55,0.006667,0.15,ci,ci38386410,2020-05-23T22:03:07.040Z,"11km NE of Coso Junction, CA",earthquake,0.17,0.24,,4,reviewed,ci,ci
2020-03-08T00:33:32.000Z,36.1108333,-117.8623333,2.25,3.81,mw,43,54,0.009053,0.15,ci,ci38387018,2020-05-23T22:03:07.040Z,"11km NE of Coso Junction, CA",earthquake,0.14,0.2,,4,reviewed,ci,ci
2020-03-11T01:17:16.090Z,39.4751667,-120.2455,7.87,3.71,mw,16,70,0.1363,0.07,nc,nc73352615,2022-06-16T17:54:46.864Z,"17km NNW of Truckee, CA",earthquake,0.28,0.91,,4,reviewed,nc,nc
2020-03-13T22:03:49.683Z,37.5421,-117.7467,5.9,3,ml,15,34.7,0.25,0.1353,nn,nn00718981,2021-02-19T19:19:54.937Z,"25 km SSW of Silver Peak, Nevada",earthquake,,2.2,0.15,4,reviewed,nn,nn
2020-03-13T22:37:29.787Z,37.5417,-117.7428,5.8,4,ml,16,34.16,0.252,0.1742,nn,nn00718984,2020-05-30T22:17:06.040Z,"25 km SSW of Silver Peak, Nevada",earthquake,,2.2,0.53,6,reviewed,nn,nn
2020-03-14T22:28:58.970Z,39.6403333,-123.441,7.69,3.06,ml,25,77,0.01233,0.06,nc,nc73354100,2020-05-30T22:17:08.040Z,"6km SE of Laytonville, CA",earthquake,0.19,0.37,0.2,25,reviewed,nc,nc
2020-03-16T02:40:46.980Z,32.8633333,-115.992,11.45,3.35,ml,79,31,0.03029,0.29,ci,ci38395042,2020-05-30T22:17:12.040Z,"14km N of Ocotillo, CA",earthquake,0.2,0.44,0.147,255,reviewed,ci,ci
2020-03-17T01:57:03.720Z,35.9553333,-117.3643333,2.26,3.45,ml,38,67,0.09193,0.15,ci,ci38395986,2020-05-30T22:17:16.040Z,"21km N of Searles Valley, CA",earthquake,0.16,0.39,0.168,111,reviewed,ci,ci
2020-03-18T22:08:20.920Z,40.3475,-124.4561667,28.61,5.21,mw,34,248,0.105,0.16,nc,nc73355700,2025-12-22T18:31:18.279Z,"15km W of Petrolia, CA",earthquake,0.78,0.55,,5,reviewed,nc,nc
2020-03-20T11:52:54.030Z,35.6631667,-117.523,9.85,3.59,ml,41,61,0.114,0.13,ci,ci39108583,2020-06-06T20:53:57.040Z,"15km ENE of Ridgecrest, CA",earthquake,0.13,0.34,0.168,153,reviewed,ci,ci
2020-03-21T01:33:35.369Z,39.1112,-119.7361,8.4,4.5,ml,31,28.07,0.029,0.1334,nn,nn00719663,2024-12-10T02:58:08.834Z,"5 km NE of Indian Hills, Nevada",earthquake,,1.2,0.38,5,reviewed,nn,nn
2020-03-22T02:53:13.892Z,39.1163,-119.7431,8.1,3.2,ml,37,38.49,0.021,0.22,nn,nn00719846,2021-08-19T05:43:04.006Z,"4 km NE of Indian Hills, Nevada",earthquake,,0.7,0.33,11,reviewed,nn,nn
2020-03-22T16:27:38.070Z,40.4251667,-124.827,12.4,4.78,mw,117,227,0.3769,0.16,nc,nc73357410,2020-06-06T20:54:06.040Z,"47km WNW of Petrolia, CA",earthquake,0.36,0.49,,7,reviewed,nc,nc
2020-03-23T05:53:57.260Z,35.9555,-117.363,0.94,4.32,mw,40,52,0.09128,0.18,ci,ci39111991,2020-06-06T20:54:09.040Z,"21km N of Searles Valley, CA",earthquake,0.16,0.37,,6,reviewed,ci,ci
2020-03-23T10:07:55.600Z,40.3091667,-124.672,16.11,3.49,mw,56,225,0.2528,0.21,nc,nc73357735,2020-06-06T20:54:10.040Z,"33km W of Petrolia, CA",earthquake,0.89,0.51,,4,reviewed,nc,nc
2020-03-25T06:31:19.627Z,39.5721,-119.0699,11.1,3.3,ml,24,149.48,0.28,0.1508,nn,nn00720284,2020-06-21T22:06:03.105Z,"16 km ESE of Fernley, Nevada",earthquake,,1.9,0.15,7,reviewed,nn,nn
2020-03-25T11:57:38.000Z,38.7903333,-122.765,2.15,4.06,mw,104,48,0.01108,0.08,nc,nc73358970,2020-06-13T18:44:54.040Z,"2km NNW of The Geysers, CA",earthquake,0.09,0.16,,3,reviewed,nc,nc
2020-03-26T08:13:42.550Z,35.5955,-117.3935,6.66,3.04,ml,42,71,0.07425,0.12,ci,ci39116263,2020-06-13T18:44:54.040Z,"19km S of Trona, CA",earthquake,0.13,0.46,0.177,86,reviewed,ci,ci
2020-04-02T06:14:35.130Z,40.4733333,-124.7245,21.03,3.02,ml,49,247,0.2952,0.19,nc,nc73362735,2020-06-21T00:54:39.040Z,"41km WSW of Ferndale, CA",earthquake,0.74,0.56,0.163,14,reviewed,nc,nc
2020-04-04T01:53:18.920Z,33.4895,-116.5063333,10.45,4.87,mw,175,23,0.07088,0.22,ci,ci39126079,2026-01-20T05:45:37.767Z,"17km ESE of Anza, CA",earthquake,0.1,0.27,,6,reviewed,ci,ci
2020-04-04T01:54:22.570Z,33.4931667,-116.505,10.31,3.76,mlr,128,28,0.06774,0.23,ci,ci39126087,2020-06-21T00:54:55.040Z,"17km ESE of Anza, CA",earthquake,0.11,0.29,0.244,14,reviewed,ci,ci
2020-04-04T01:55:35.800Z,33.4801667,-116.4903333,9.21,3.07,ml,115,27,0.08428,0.22,ci,ci39126103,2020-06-21T00:54:55.040Z,"19km ESE of Anza, CA",earthquake,0.13,0.34,0.124,12,reviewed,ci,ci
2020-04-04T02:05:00.170Z,33.4946667,-116.5153333,10.28,3.66,mw,145,23,0.06402,0.2,ci,ci39126263,2022-12-31T17:20:25.653Z,"16km ESE of Anza, CA",earthquake,0.1,0.26,,4,reviewed,ci,ci
2020-04-04T02:59:23.280Z,33.5011667,-116.519,10.37,3.11,ml,123,26,0.05707,0.19,ci,ci39126951,2020-06-21T00:54:56.040Z,"16km ESE of Anza, CA",earthquake,0.1,0.23,0.157,185,reviewed,ci,ci
2020-04-04T03:17:46.630Z,35.0101667,-118.4986667,2.35,3.49,mw,142,19,0.1304,0.24,ci,ci39127167,2020-06-21T00:54:56.040Z,"14km SSW of Tehachapi, CA",earthquake,0.13,0.48,,4,reviewed,ci,ci
2020-04-04T04:07:22.120Z,33.4913333,-116.5188333,9.62,3.6,mw,147,26,0.06677,0.22,ci,ci39127679,2020-06-21T00:54:56.040Z,"16km ESE of Anza, CA",earthquake,0.11,0.3,,6,reviewed,ci,ci
2020-04-04T05:12:35.150Z,33.4921667,-116.5118333,9.85,3.46,mw,146,27,0.0671,0.2,ci,ci39128103,2020-06-21T00:54:57.040Z,"16km ESE of Anza, CA",earthquake,0.1,0.27,,4,reviewed,ci,ci
2020-04-05T19:20:46.230Z,37.5271667,-118.8526667,7.82,4.05,mw,42,89,0.06548,0.05,nc,nc73364330,2020-06-26T12:03:50.594Z,"16km WSW of Toms Place, CA",earthquake,0.21,0.49,,4,reviewed,nc,nc
2020-04-05T21:07:44.910Z,33.5036667,-116.5278333,10.53,3.49,mw,143,26,0.05376,0.2,ci,ci39134871,2020-06-21T00:55:07.040Z,"15km ESE of Anza, CA",earthquake,0.1,0.19,,4,reviewed,ci,ci
2020-04-05T22:37:18.820Z,33.4961667,-116.4961667,13.25,3.5,mw,141,28,0.06774,0.21,ci,ci39135575,2020-06-21T00:55:07.040Z,"18km ESE of Anza, CA",earthquake,0.1,0.22,,4,reviewed,ci,ci
2020-04-06T15:58:14.840Z,33.577,-115.9081667,8.24,3.51,mw,90,32,0.03807,0.17,ci,ci39138119,2020-06-21T00:55:11.040Z,"6km NNE of North Shore, CA",earthquake,0.13,0.36,,4,reviewed,ci,ci
2020-04-06T18:10:02.970Z,35.6768333,-117.5188333,9.07,3.03,ml,41,61,0.1197,0.15,ci,ci39138391,2020-06-21T00:55:12.040Z,"14km SW of Searles Valley, CA",earthquake,0.14,0.42,0.126,80,reviewed,ci,ci
2020-04-08T00:30:49.230Z,33.4985,-116.5253333,9.98,3.54,ml,134,26,0.05903,0.19,ci,ci39141591,2020-06-30T14:02:44.040Z,"15km ESE of Anza, CA",earthquake,0.09,0.19,0.147,177,reviewed,ci,ci
2020-04-08T00:35:56.820Z,33.5006667,-116.5236667,10.28,3.27,ml,122,26,0.05701,0.18,ci,ci39141695,2020-06-30T14:02:44.040Z,"15km ESE of Anza, CA",earthquake,0.1,0.18,0.165,169,reviewed,ci,ci
2020-04-08T01:00:14.260Z,33.4981667,-116.5228333,10.27,3.22,ml,127,26,0.05957,0.18,ci,ci39141967,2020-06-30T14:02:44.040Z,"15km ESE of Anza, CA",earthquake,0.1,0.18,0.148,165,reviewed,ci,ci
2020-04-09T05:14:50.080Z,33.5068333,-116.5321667,11.03,3.05,ml,123,26,0.05054,0.2,ci,ci39378336,2020-06-30T14:02:48.040Z,"14km ESE of Anza, CA",earthquake,0.11,0.26,0.189,178,reviewed,ci,ci
2020-04-10T05:25:26.094Z,38.3401,-115.2355,6.1,3,ml,21,79.48,0.275,0.191,nn,nn00721464,2020-06-30T14:02:50.040Z,"60 km SSW of Lund, Nevada",earthquake,,1.3,0.38,10,reviewed,nn,nn
2020-04-10T05:49:11.230Z,32.3551667,-116.4251667,23.97,3.4,ml,55,73,0.2062,0.22,ci,ci39380224,2022-06-16T17:49:17.593Z,"28km S of Campo, CA",earthquake,0.32,0.72,0.162,255,reviewed,ci,ci
2020-04-10T08:59:14.220Z,36.4055,-120.6281667,10.7,3.43,mw,129,46,0.2121,0.18,nc,nc73366700,2020-06-30T14:02:51.040Z,"4km ESE of New Idria, CA",earthquake,0.16,0.58,,4,reviewed,nc,nc
2020-04-11T02:39:32.515Z,38.3277,-115.2451,6.3,3.7,ml,40,78.75,0.268,0.1514,nn,nn00721556,2020-06-30T14:02:53.040Z,"62 km SSW of Lund, Nevada",earthquake,,1.3,0.15,7,reviewed,nn,nn
2020-04-11T14:36:37.040Z,38.0525,-118.7333333,8.45,5.24,mw,46,97,0.268,0.06,nc,nc73367270,2025-12-22T18:32:23.329Z,"30km SE of Bodie, CA",earthquake,0.21,1.15,,4,reviewed,nc,nc
2020-04-11T14:40:17.780Z,38.0505,-118.7555,8.5,3.05,ml,35,94,0.2815,0.13,nc,nc73367280,2020-06-30T14:03:00.040Z,"29km SE of Bodie, CA",earthquake,0.36,2.15,0.117,4,reviewed,nc,nc
2020-04-11T14:51:14.710Z,38.0616667,-118.7211667,6.35,3.49,ml,46,100,0.2548,0.08,nc,nc73367320,2020-07-07T23:24:01.828Z,"30km ESE of Bodie, CA",earthquake,0.25,1.91,0.215,25,reviewed,nc,nc
2020-04-11T15:24:33.190Z,38.0476667,-118.756,9.69,3,ml,45,108,0.2838,0.07,nc,nc73367425,2020-06-30T14:02:56.040Z,"29km SE of Bodie, CA",earthquake,0.23,1.19,0.22,28,reviewed,nc,nc
2020-04-11T15:46:52.520Z,38.0581667,-118.7148333,2.63,3.25,ml,29,116,0.2541,0.06,nc,nc73367495,2020-06-30T14:02:56.040Z,"31km ESE of Bodie, CA",earthquake,0.43,8.07,0.152,53,reviewed,nc,nc
2020-04-11T16:22:50.940Z,38.0421667,-118.758,8.94,4.57,mw,62,89,0.2888,0.1,nc,nc73367575,2021-03-05T23:34:53.941Z,"29km SE of Bodie, CA",earthquake,0.19,1.08,,4,reviewed,nc,nc
2020-04-11T16:29:50.950Z,38.0471667,-118.7471667,1.97,3.56,mw,34,95,0.2793,0.07,nc,nc73367590,2020-07-07T18:51:37.144Z,"30km SE of Bodie, CA",earthquake,0.3,3.84,,4,reviewed,nc,nc
2020-04-11T16:57:11.760Z,38.0455,-118.7483333,7.96,3.95,mw,49,96,0.2812,0.07,nc,nc73367640,2020-06-30T14:02:57.040Z,"30km SE of Bodie, CA",earthquake,0.21,1.29,,4,reviewed,nc,nc
2020-04-11T16:57:46.390Z,38.0446667,-118.7478333,7.47,3.71,mw,38,96,0.2815,0.08,nc,nc73367635,2020-06-30T14:02:57.040Z,"30km SE of Bodie, CA",earthquake,0.28,1.81,,4,reviewed,nc,nc
2020-04-11T17:53:45.120Z,38.0581667,-118.7218333,8.21,3.03,ml,43,99,0.2577,0.05,nc,nc73367715,2020-06-30T14:02:58.040Z,"31km SE of Bodie, CA",earthquake,0.24,1.43,0.226,17,reviewed,nc,nc
2020-04-11T18:02:20.750Z,38.0568333,-118.728,6.44,3.2,,36,98,0.262,0.05,nc,nc71112204,2021-02-19T19:20:19.932Z,"30km SE of Bodie, CA",earthquake,0.32,2.7,,,reviewed,nc,nc
2020-04-11T18:02:23.640Z,38.0543333,-118.7376667,9.68,3.23,ml,47,97,0.269,0.07,nc,nc73367750,2022-02-03T19:35:08.867Z,"30km SE of Bodie, CA",earthquake,0.3,1.22,0.169,24,reviewed,nc,nc
2020-04-11T19:20:08.820Z,38.0565,-118.7293333,8.89,3.36,ml,40,98,0.2629,0.04,nc,nc73367900,2020-06-30T14:02:58.040Z,"30km SE of Bodie, CA",earthquake,0.26,1.68,0.157,55,reviewed,nc,nc
2020-04-11T21:36:45.620Z,38.0468333,-118.7513333,6.34,4.03,mw,59,90,0.2818,0.09,nc,nc73368095,2020-06-30T14:02:59.040Z,"29km SE of Bodie, CA",earthquake,0.2,1.65,,4,reviewed,nc,nc
2020-04-12T15:20:01.130Z,38.0568333,-118.7285,8.27,3.1,ml,39,98,0.2622,0.05,nc,nc73368885,2020-06-30T14:03:02.040Z,"30km SE of Bodie, CA",earthquake,0.26,2.08,0.185,23,reviewed,nc,nc
2020-04-13T02:10:34.110Z,38.0588333,-118.7288333,6.27,3.04,ml,42,91,0.2609,0.06,nc,nc73369355,2020-06-30T14:03:04.040Z,"30km SE of Bodie, CA",earthquake,0.26,2.32,0.152,17,reviewed,nc,nc
2020-04-13T10:27:40.140Z,41.9024,-117.1873,2.5,3.6,ml,12,190.89,1.069,0.215,nn,nn00722232,2020-06-30T14:03:04.040Z,"45 km ESE of McDermitt, Nevada",earthquake,,1.5,0.32,11,reviewed,nn,nn
2020-04-13T14:27:45.090Z,38.0578333,-118.7325,4.1,3.23,ml,30,98,0.2636,0.06,nc,nc73369790,2020-06-30T14:03:05.040Z,"30km SE of Bodie, CA",earthquake,0.4,7.62,0.228,22,reviewed,nc,nc
2020-04-13T19:04:07.560Z,38.0555,-118.7305,8.96,3.25,ml,41,98,0.2643,0.05,nc,nc73369915,2020-06-30T14:03:06.040Z,"30km SE of Bodie, CA",earthquake,0.26,1.59,0.225,26,reviewed,nc,nc
2020-04-13T23:36:22.930Z,35.6741667,-117.4265,5.97,3.19,ml,39,69,0.1035,0.14,ci,ci39386896,2020-06-30T14:03:07.040Z,"11km S of Searles Valley, CA",earthquake,0.14,0.61,0.14,121,reviewed,ci,ci
2020-04-14T06:14:28.420Z,36.1106667,-117.847,3.84,3.26,ml,38,40,0.009386,0.15,ci,ci39387336,2020-06-30T14:03:08.040Z,"12km NE of Coso Junction, CA",earthquake,0.16,0.29,0.141,96,reviewed,ci,ci
2020-04-15T20:13:05.120Z,38.046,-118.753,8.2,3.88,mw,49,90,0.2833,0.07,nc,nc73371210,2020-07-09T14:31:08.040Z,"29km SE of Bodie, CA",earthquake,0.23,1.47,,4,reviewed,nc,nc
2020-04-16T11:56:19.380Z,38.0466667,-118.7466667,4.42,3.3,ml,32,96,0.2794,0.05,nc,nc73371600,2020-07-09T14:31:12.040Z,"30km SE of Bodie, CA",earthquake,0.27,7.96,0.196,55,reviewed,nc,nc
2020-04-16T13:28:35.370Z,38.0478333,-118.7495,4.73,3.34,ml,32,95,0.2801,0.05,nc,nc73371650,2020-07-09T14:31:12.040Z,"29km SE of Bodie, CA",earthquake,0.33,7.36,0.204,55,reviewed,nc,nc
2020-04-16T13:49:06.380Z,38.0518333,-118.7508333,4.32,3.98,mw,46,94,0.2779,0.08,nc,nc73371655,2020-07-09T14:31:12.040Z,"29km SE of Bodie, CA",earthquake,0.23,4.55,,4,reviewed,nc,nc
2020-04-17T05:44:04.720Z,38.0593333,-118.7308333,8.4,3.67,mw,49,98,0.2616,0.08,nc,nc73371960,2021-08-30T18:51:04.667Z,"30km SE of Bodie, CA",earthquake,0.25,1.34,,4,reviewed,nc,nc
2020-04-17T06:52:49.200Z,38.0493333,-118.7575,6.34,3.2,ml,43,89,0.2834,0.06,nc,nc73371980,2020-07-09T14:31:18.040Z,"29km SE of Bodie, CA",earthquake,0.26,2.3,0.181,43,reviewed,nc,nc
2020-04-17T10:13:39.680Z,38.0381667,-118.7983333,10.85,3.26,ml,41,88,0.2986,0.06,nc,nc73372055,2020-07-09T14:31:19.040Z,"27km SE of Bodie, CA",earthquake,0.26,1.4,0.209,26,reviewed,nc,nc
2020-04-18T12:50:14.780Z,36,-117.3606667,2.19,3.44,mw,40,55,0.1256,0.16,ci,ci39395080,2020-07-09T14:31:25.040Z,"26km N of Searles Valley, CA",earthquake,0.16,0.45,,4,reviewed,ci,ci
2020-04-18T13:03:01.490Z,35.9998333,-117.3618333,2.36,3.39,ml,38,52,0.126,0.15,ci,ci39395096,2020-07-09T14:31:25.040Z,"26km N of Searles Valley, CA",earthquake,0.16,0.42,0.143,96,reviewed,ci,ci
2020-04-19T08:34:49.120Z,34.4815,-119.427,0.08,3.43,ml,76,72,0.11,0.29,ci,ci39396176,2020-07-09T14:31:30.040Z,"12km NE of Carpinteria, CA",earthquake,0.23,0.52,0.154,154,reviewed,ci,ci
2020-04-21T05:13:31.300Z,38.0443333,-118.7553333,6.84,4.01,mw,52,95,0.2858,0.06,nc,nc73374265,2020-07-09T14:31:39.040Z,"29km SE of Bodie, CA",earthquake,0.23,1.65,,4,reviewed,nc,nc
2020-04-21T07:51:37.750Z,38.0416667,-118.7565,3.11,3.27,ml,35,94,0.2884,0.06,nc,nc73374335,2020-07-09T14:31:39.040Z,"29km SE of Bodie, CA",earthquake,0.32,4.53,0.165,53,reviewed,nc,nc
2020-04-22T07:03:47.740Z,33.989,-118.3495,11.6,3.69,mw,170,38,0.01026,0.24,ci,ci39400304,2020-09-19T20:23:47.063Z,"1km S of View Park-Windsor Hills, CA",earthquake,0.12,0.2,,4,reviewed,ci,ci
2020-04-22T20:49:03.791Z,38.6155,-117.1728,3.1,3.2,ml,9,67.27,0.219,0.2056,nn,nn00723444,2020-07-11T22:19:22.040Z,"61 km N of Tonopah, Nevada",earthquake,,5.6,0.38,4,reviewed,nn,nn
2020-04-27T03:46:00.410Z,35.6738333,-117.4963333,8.76,4,mw,81,40,0.1368,0.18,ci,ci39406880,2020-07-11T22:19:10.040Z,"13km SW of Searles Valley, CA",earthquake,0.11,0.36,,6,reviewed,ci,ci
2020-04-29T12:10:38.360Z,37.3256667,-118.3685,8.42,3.73,mw,37,114,0.03935,0.08,nc,nc73378105,2020-07-18T21:57:03.040Z,"5km SSE of Bishop, CA",earthquake,0.37,0.45,,4,reviewed,nc,nc
2020-05-02T23:44:37.050Z,32.7553333,-115.4306667,16.91,3.58,ml,82,36,0.05166,0.3,ci,ci38477458,2020-07-18T21:57:14.040Z,"8km SW of Holtville, CA",earthquake,0.22,0.41,0.123,179,reviewed,ci,ci
2020-05-03T10:19:24.720Z,34.262,-118.6093333,6.35,3.12,ml,126,24,0.04384,0.26,ci,ci38477842,2024-02-10T03:22:40.329Z,"1km NW of Chatsworth, CA",earthquake,0.16,0.39,0.14,189,reviewed,ci,ci
2020-05-03T13:12:55.150Z,40.3165,-124.5433333,10.04,3.16,ml,21,263,0.1561,0.19,nc,nc73379725,2020-07-18T21:57:31.040Z,"22km W of Petrolia, CA",earthquake,1.37,0.86,0.159,17,reviewed,nc,nc
2020-05-06T08:27:05.150Z,33.1843333,-115.6156667,10.62,3.87,mw,77,42,0.005912,0.24,ci,ci38482130,2020-08-24T11:21:38.445Z,"11km SW of Niland, CA",earthquake,0.19,0.5,,6,reviewed,ci,ci
2020-05-08T14:55:08.468Z,38.0472,-118.7414,6.02,3.7,mwr,,44,0.276,0.41,us,us70009cel,2020-07-29T22:14:20.040Z,"34 km NW of Benton, California",earthquake,1.3,2.1,,5,reviewed,us,nc
2020-05-10T22:07:40.370Z,33.0183333,-116.0201667,10.16,4.54,mw,141,21,0.138,0.27,ci,ci38488354,2025-04-13T23:07:20.459Z,"17km SE of Ocotillo Wells, CA",earthquake,0.14,0.48,,6,reviewed,ci,ci
2020-05-11T16:40:54.560Z,33.4975,-116.5041667,12.49,3.1,ml,127,27,0.0639,0.18,ci,ci38489754,2020-07-29T22:14:33.040Z,"17km ESE of Anza, CA",earthquake,0.1,0.23,0.155,150,reviewed,ci,ci
2020-05-11T20:26:07.410Z,38.0055,-118.7035,-1,3.49,mw,44,106,0.2911,0.06,nc,nc73383655,2020-07-29T22:14:33.040Z,"35km SE of Bodie, CA",earthquake,0.23,0.93,,3,reviewed,nc,nc
2020-05-11T20:43:36.810Z,38.0066667,-118.6993333,-0.66,3.1,ml,39,106,0.2884,0.06,nc,nc73383660,2020-07-29T22:14:34.040Z,"36km SE of Bodie, CA",earthquake,0.26,0.97,0.293,20,reviewed,nc,nc
2020-05-12T02:46:47.250Z,33.0118333,-116.0231667,9.89,3.3,ml,88,22,0.1327,0.24,ci,ci38490402,2020-07-29T22:14:37.040Z,"18km SE of Ocotillo Wells, CA",earthquake,0.15,0.58,0.129,142,reviewed,ci,ci
2020-05-12T17:15:44.790Z,32.8671667,-116.0171667,10.39,3.32,ml,82,28,0.04489,0.26,ci,ci38491186,2020-07-29T22:14:40.040Z,"15km N of Ocotillo, CA",earthquake,0.19,0.49,0.122,123,reviewed,ci,ci
2020-05-12T18:15:13.700Z,37.4503333,-118.025,13.02,3.45,ml,44,155,0.2147,0.05,nc,nc73384075,2020-07-29T22:14:40.040Z,"10km NNW of Deep Springs, CA",earthquake,0.34,0.69,0.167,68,reviewed,nc,nc
2020-05-13T01:31:08.080Z,33.499,-116.5211667,10.16,3.15,ml,118,26,0.05892,0.19,ci,ci38491706,2021-09-21T23:13:25.090Z,"15km ESE of Anza, CA",earthquake,0.1,0.2,0.134,160,reviewed,ci,ci
2020-05-14T23:37:40.040Z,35.596,-117.4188333,6.08,3.26,ml,56,77,0.03659,0.15,ci,ci39200671,2020-08-02T00:31:54.040Z,"19km S of Trona, CA",earthquake,0.14,0.39,0.149,213,reviewed,ci,ci
2020-05-15T11:03:27.176Z,38.1689,-117.8497,2.7,6.5,ml,27,55.79,0.357,0.2669,nn,nn00725272,2026-02-07T06:51:51.057Z,"Monte Cristo Range, NV Earthquake",earthquake,,2.1,,,reviewed,nn,nn
2020-05-15T11:09:09.140Z,38.1406,-117.9952,10.8,4.1,ml,10,84.4,0.318,0.1526,nn,nn00725277,2020-08-02T00:31:45.040Z,"29 km SSE of Mina, Nevada",earthquake,,1.8,0.03,2,reviewed,nn,nn
2020-05-15T11:11:32.736Z,38.188,-117.7692,18,3.5,ml,6,155.87,0.39,0.1675,nn,nn00742884,2020-08-02T00:31:45.040Z,"37 km SE of Mina, Nevada",earthquake,,5.2,0.25,4,reviewed,nn,nn
2020-05-15T11:12:37.268Z,38.2029,-117.8787,6.7,4,ml,13,83.09,0.316,0.2601,nn,nn00725279,2020-08-02T00:31:45.040Z,"28 km SE of Mina, Nevada",earthquake,,3.6,0.25,3,reviewed,nn,nn
2020-05-15T11:17:22.252Z,38.1485,-117.9092,5.1,3.8,ml,10,47.46,0.344,0.2744,nn,nn00725330,2020-08-02T00:31:44.040Z,"32 km SSE of Mina, Nevada",earthquake,,3.8,0.32,7,reviewed,nn,nn
2020-05-15T11:18:12.392Z,38.1596,-117.9598,3.8,4.9,ml,14,47.97,0.314,0.178,nn,nn00725284,2020-08-02T00:31:44.040Z,"28 km SSE of Mina, Nevada",earthquake,,4.3,0.43,6,reviewed,nn,nn
2020-05-15T11:19:38.407Z,38.1607,-118.0297,16.2,3.4,ml,5,303.67,0.29,0.1081,nn,nn00742885,2020-08-02T00:31:43.040Z,"26 km SSE of Mina, Nevada",earthquake,,9.6,0.32,4,reviewed,nn,nn
2020-05-15T11:25:42.463Z,38.1737,-117.9736,5,3.6,ml,,49,0.295,0.91,us,us70009gji,2020-08-02T00:31:43.040Z,"26 km SSE of Mina, Nevada",earthquake,1.3,1.9,0.148,8,reviewed,us,us
2020-05-15T11:26:01.747Z,38.1811,-117.8711,6.8,5.1,ml,18,49,0.337,0.2335,nn,nn00725291,2020-08-02T00:31:42.040Z,"31 km SE of Mina, Nevada",earthquake,,8.6,0.42,10,reviewed,nn,nn
2020-05-15T11:30:16.409Z,38.1337,-117.9888,5.5,4,ml,18,46.72,0.327,0.1651,nn,nn00725296,2020-08-02T00:31:42.040Z,"30 km SSE of Mina, Nevada",earthquake,,2.9,0.43,9,reviewed,nn,nn
2020-05-15T11:32:41.506Z,38.1464,-117.9767,6,3,ml,11,122.01,0.319,0.1636,nn,nn00742898,2020-08-02T00:31:42.040Z,"29 km SSE of Mina, Nevada",earthquake,,4,0.36,7,reviewed,nn,nn
2020-05-15T11:33:12.573Z,38.1291,-118.0059,0,3,ml,9,135.77,0.326,0.1793,nn,nn00742902,2020-08-02T00:31:42.040Z,"30 km SSE of Mina, Nevada",earthquake,,0,0.46,7,reviewed,nn,nn
2020-05-15T11:40:14.649Z,38.137,-118.0211,10,3.2,ml,,108,0.313,0.97,us,us70009gk3,2022-06-19T01:16:45.268Z,"29 km SSE of Mina, Nevada",earthquake,1.9,2,0.062,34,reviewed,us,us
2020-05-15T11:41:30.299Z,38.1812,-117.7445,0,3,ml,5,243.1,0.409,0.1584,nn,nn00742909,2020-08-02T00:31:41.040Z,"39 km SE of Mina, Nevada",earthquake,,0,0.39,3,reviewed,nn,nn
2020-05-15T11:45:28.836Z,38.1324,-117.9723,7.3,3.4,ml,12,88.18,0.333,0.1735,nn,nn00725300,2022-08-08T22:49:19.719Z,"31 km SSE of Mina, Nevada",earthquake,,2.1,0.78,6,reviewed,nn,nn
2020-05-15T11:52:07.184Z,38.1469,-117.9831,5.8,4.8,ml,17,43.51,0.316,0.1775,nn,nn00725306,2020-08-02T00:31:40.040Z,"29 km SSE of Mina, Nevada",earthquake,,2,0.4,8,reviewed,nn,nn
2020-05-15T11:57:00.918Z,38.1656,-117.9028,3.1,3.4,ml,5,82.97,0.333,0.0882,nn,nn00725310,2022-08-08T22:48:01.657Z,"30 km SE of Mina, Nevada",earthquake,,5.8,0,1,reviewed,nn,nn
2020-05-15T11:58:29.389Z,38.1681,-117.8892,10,3.5,ml,,47,0.337,0.7,us,us70009gka,2020-08-02T00:31:40.040Z,"31 km SE of Mina, Nevada",earthquake,0.9,2,0.039,88,reviewed,us,us
2020-05-15T12:00:41.572Z,38.1667,-117.8104,6.3,4.5,ml,17,47.15,0.38,0.1735,nn,nn00725312,2020-08-02T00:31:39.040Z,"36 km SE of Mina, Nevada",earthquake,,2.8,0.33,9,reviewed,nn,nn
2020-05-15T12:10:24.755Z,38.1621,-117.8707,18.2,3.5,ml,8,85.57,0.351,0.175,nn,nn00725323,2022-08-08T22:48:48.659Z,"32 km SE of Mina, Nevada",earthquake,,1.5,0.18,3,reviewed,nn,nn
2020-05-15T12:12:42.327Z,38.1916,-117.898,5.5,3.2,ml,11,83.68,0.315,0.2121,nn,nn00725325,2020-08-02T00:31:37.040Z,"28 km SE of Mina, Nevada",earthquake,,2.4,0.47,6,reviewed,nn,nn
2020-05-15T12:31:37.133Z,38.1714,-117.8683,18,3.1,ml,15,94.29,0.345,0.1645,nn,nn00725328,2020-08-02T00:31:36.040Z,"32 km SE of Mina, Nevada",earthquake,,1.5,0.22,4,reviewed,nn,nn
2020-05-15T12:36:27.484Z,38.1752,-117.9126,10,3,ml,,66,0.32,0.36,us,us70009gls,2022-09-24T02:15:03.623Z,"29 km SE of Mina, Nevada",earthquake,1.2,2,0.059,38,reviewed,us,us
2020-05-15T12:45:06.622Z,38.177,-117.8634,17.7,3,ml,14,68.18,0.344,0.1672,nn,nn00725335,2020-08-02T00:31:35.040Z,"31 km SE of Mina, Nevada",earthquake,,1.8,0.34,3,reviewed,nn,nn
2020-05-15T12:47:34.114Z,38.1977,-117.7855,6.3,3.3,ml,5,85.95,0.374,0.0812,nn,nn00725337,2020-08-02T00:31:34.040Z,"35 km SE of Mina, Nevada",earthquake,,10.3,0,1,reviewed,nn,nn
2020-05-15T12:50:21.033Z,38.1604,-117.8076,9.4,3.1,ml,16,99.29,0.386,0.2526,nn,nn00725340,2022-06-21T06:02:00.842Z,"36 km SE of Mina, Nevada",earthquake,,2.4,0.42,7,reviewed,nn,nn
2020-05-15T12:54:19.770Z,38.1525,-118.039,4.9,3.3,ml,17,48.82,0.295,0.1308,nn,nn00725341,2020-08-02T00:31:34.040Z,"27 km SSE of Mina, Nevada",earthquake,,3.8,0.47,4,reviewed,nn,nn
2020-05-15T12:58:25.668Z,38.1721,-117.7472,0,3,ml,17,74.28,0.413,0.1737,nn,nn00725343,2022-06-21T06:02:29.086Z,"39 km SE of Mina, Nevada",earthquake,,0,0.33,7,reviewed,nn,nn
2020-05-15T13:02:12.301Z,38.1663,-117.7952,7.6,4.3,ml,14,46.68,0.389,0.167,nn,nn00725345,2020-08-02T00:31:33.040Z,"37 km SE of Mina, Nevada",earthquake,,2.4,0.33,6,reviewed,nn,nn
2020-05-15T13:18:57.715Z,38.1737,-117.9177,8.5,3,ml,9,96.65,0.319,0.1529,nn,nn00725354,2020-08-02T00:31:31.040Z,"29 km SE of Mina, Nevada",earthquake,,10.8,0.36,3,reviewed,nn,nn
2020-05-15T13:24:42.318Z,38.168,-117.8574,5,3.3,ml,21,68.57,0.353,0.2052,nn,nn00725359,2020-08-02T00:31:31.040Z,"33 km SE of Mina, Nevada",earthquake,,3,0.25,7,reviewed,nn,nn
2020-05-15T13:28:17.315Z,38.185,-117.9571,8.6,3.3,ml,15,89.48,0.293,0.1844,nn,nn00725360,2020-08-02T00:31:30.040Z,"26 km SSE of Mina, Nevada",earthquake,,1.7,0.53,8,reviewed,nn,nn
2020-05-15T13:32:03.198Z,38.1715,-117.8617,3.9,3.2,ml,16,47.3,0.349,0.1349,nn,nn00725363,2020-08-02T00:31:30.040Z,"32 km SE of Mina, Nevada",earthquake,,4.8,0.29,3,reviewed,nn,nn
2020-05-15T13:35:24.791Z,38.2234,-117.7759,8.6,3.8,ml,22,48.05,0.364,0.2047,nn,nn00725367,2020-08-02T00:31:29.040Z,"34 km ESE of Mina, Nevada",earthquake,,2,0.38,10,reviewed,nn,nn
2020-05-15T13:39:04.457Z,38.1437,-117.9485,6.1,3.9,ml,22,47.23,0.332,0.1717,nn,nn00725373,2020-08-02T00:31:29.040Z,"30 km SSE of Mina, Nevada",earthquake,,2.2,0.42,11,reviewed,nn,nn
2020-05-15T13:45:45.973Z,38.1836,-117.7378,7.1,3.4,ml,17,50.13,0.412,0.1908,nn,nn00725380,2020-08-02T00:31:28.040Z,"39 km SE of Mina, Nevada",earthquake,,1.8,0.3,10,reviewed,nn,nn
2020-05-15T13:51:37.151Z,38.1692,-117.9421,6.7,4.2,ml,21,90.57,0.312,0.198,nn,nn00725387,2021-02-11T23:47:41.018Z,"28 km SSE of Mina, Nevada",earthquake,,2.8,0.54,9,reviewed,nn,nn
2020-05-15T14:00:28.358Z,38.1587,-118.0012,10,3.4,ml,16,105,0.3,0.1759,nn,nn00725399,2020-08-02T00:31:27.040Z,"27 km SSE of Mina, Nevada",earthquake,,3.5,0.49,4,reviewed,nn,nn
2020-05-15T14:04:08.254Z,38.2484,-117.8111,7.1,3.2,ml,28,79.3,0.327,0.1838,nn,nn00725400,2020-08-02T00:31:27.040Z,"30 km ESE of Mina, Nevada",earthquake,,3,0.26,9,reviewed,nn,nn
2020-05-15T14:09:28.229Z,38.1881,-117.9758,3.4,3,ml,31,62.32,0.283,0.2642,nn,nn00725402,2020-08-02T00:31:26.040Z,"25 km SSE of Mina, Nevada",earthquake,,2.7,0.38,11,reviewed,nn,nn
2020-05-15T14:22:16.971Z,38.1547,-117.9801,6.3,3,ml,27,79.96,0.31,0.2612,nn,nn00746659,2022-06-17T17:07:47.063Z,"28 km SSE of Mina, Nevada",earthquake,,3.3,0.31,8,reviewed,nn,nn
2020-05-15T14:30:53.804Z,38.188,-117.7224,4.7,3.1,ml,23,75.56,0.419,0.2289,nn,nn00725415,2022-06-21T06:03:10.026Z,"40 km ESE of Mina, Nevada",earthquake,,2,0.34,11,reviewed,nn,nn
2020-05-15T14:58:50.525Z,38.1683,-117.954,6.5,3.3,ml,30,48.39,0.308,0.1815,nn,nn00725426,2022-06-21T06:03:37.029Z,"28 km SSE of Mina, Nevada",earthquake,,2.6,0.31,12,reviewed,nn,nn
2020-05-15T15:07:25.705Z,38.1562,-117.898,2.9,3.9,ml,17,47.81,0.343,0.2164,nn,nn00725434,2020-08-02T00:31:22.040Z,"31 km SE of Mina, Nevada",earthquake,,2.4,0.45,7,reviewed,nn,nn
2020-05-15T15:16:05.341Z,38.1461,-117.9492,2.8,3.1,ml,13,86.71,0.329,0.1831,nn,nn00725442,2020-08-02T00:31:21.040Z,"30 km SSE of Mina, Nevada",earthquake,,5.7,0.43,6,reviewed,nn,nn
2020-05-15T15:21:26.170Z,38.1129,-118.0801,8.27,3,ml,,92,0.324,0.76,us,us70009gv3,2022-02-03T19:42:31.190Z,"30 km S of Mina, Nevada",earthquake,3.2,9.7,0.051,50,reviewed,us,us
2020-05-15T15:23:24.676Z,38.1667,-117.8006,7.6,4.8,ml,14,46.65,0.385,0.1628,nn,nn00725454,2020-08-02T00:31:20.040Z,"36 km SE of Mina, Nevada",earthquake,,4.3,0.32,6,reviewed,nn,nn
2020-05-15T15:38:34.735Z,38.1813,-117.9224,5.1,3,ml,19,81.15,0.311,0.2165,nn,nn00725464,2022-09-24T02:16:02.994Z,"28 km SE of Mina, Nevada",earthquake,,1.8,0.45,9,reviewed,nn,nn
2020-05-15T15:49:14.270Z,38.2079,-117.7412,6.56,3,ml,,122,0.395,0.46,us,us70009gwi,2020-08-02T00:31:18.040Z,"38 km ESE of Mina, Nevada",earthquake,1.5,5.6,0.049,54,reviewed,us,us
2020-05-15T16:07:52.260Z,38.2012,-117.8659,14,3,ml,13,235.88,0.325,0.1685,nn,nn00735763,2022-06-21T06:04:32.115Z,"29 km SE of Mina, Nevada",earthquake,,8.2,0.21,2,reviewed,nn,nn
2020-05-15T16:33:59.769Z,38.1428,-117.9019,2.2,3.1,ml,15,47.18,0.352,0.1314,nn,nn00725489,2020-08-02T00:31:15.040Z,"32 km SSE of Mina, Nevada",earthquake,,5.8,0.4,5,reviewed,nn,nn
2020-05-15T16:35:44.855Z,38.1762,-117.8097,7.2,3.9,ml,11,61.67,0.374,0.149,nn,nn00725492,2020-08-02T00:31:14.040Z,"35 km SE of Mina, Nevada",earthquake,,7,0.37,5,reviewed,nn,nn
2020-05-15T16:52:53.596Z,38.1736,-117.8368,4.8,3.5,ml,22,48.5,0.36,0.2211,nn,nn00725509,2020-08-02T00:31:13.040Z,"33 km SE of Mina, Nevada",earthquake,,1.2,0.48,10,reviewed,nn,nn
2020-05-15T17:08:07.430Z,38.1747,-117.8329,8.4,3.7,ml,14,48.15,0.362,0.1369,nn,nn00725516,2021-09-03T17:18:31.504Z,"34 km SE of Mina, Nevada",earthquake,,2.2,0.38,8,reviewed,nn,nn
2020-05-15T17:18:29.729Z,38.1878,-117.7321,1.6,3.3,ml,15,76.87,0.413,0.1652,nn,nn00725521,2020-08-02T00:31:12.040Z,"39 km SE of Mina, Nevada",earthquake,,92.9,0.46,4,reviewed,nn,nn
2020-05-15T17:25:20.680Z,38.1382,-118.0144,10.8,3.5,ml,13,46.84,0.315,0.1711,nn,nn00725526,2022-08-08T22:49:28.415Z,"29 km SSE of Mina, Nevada",earthquake,,4.1,0.44,7,reviewed,nn,nn
2020-05-15T17:38:16.880Z,38.154,-118.0212,14.5,3.3,ml,16,42.54,0.298,0.1063,nn,nn00725533,2022-06-16T17:56:44.372Z,"27 km SSE of Mina, Nevada",earthquake,,1.1,0.52,4,reviewed,nn,nn
2020-05-15T17:42:25.594Z,38.1265,-118.0432,9.9,3.2,ml,18,46.16,0.319,0.2328,nn,nn00725538,2020-08-02T00:31:11.040Z,"29 km S of Mina, Nevada",earthquake,,7.5,0.38,10,reviewed,nn,nn
2020-05-15T17:49:12.712Z,38.1769,-117.957,5,3.7,ml,,64,0.371,0.38,us,us70009h17,2022-02-03T19:42:21.841Z,"27 km SSE of Mina, Nevada",earthquake,1.3,1.9,0.042,74,reviewed,us,us
2020-05-15T17:50:16.941Z,38.173,-117.8295,5.8,4.7,ml,15,48.44,0.365,0.1766,nn,nn00725546,2021-04-23T20:19:13.254Z,"34 km SE of Mina, Nevada",earthquake,,3.5,0.28,7,reviewed,nn,nn
2020-05-15T17:52:38.739Z,38.1527,-117.9572,7,3.1,ml,17,51.95,0.321,0.2582,nn,nn00725552,2020-08-02T00:31:09.040Z,"29 km SSE of Mina, Nevada",earthquake,,5,0.3,6,reviewed,nn,nn
2020-05-15T18:02:05.393Z,38.1485,-117.9284,18.4,3.1,ml,9,51,0.336,0.215,nn,nn00725555,2020-08-02T00:31:09.040Z,"31 km SSE of Mina, Nevada",earthquake,,1.6,0.33,3,reviewed,nn,nn
2020-05-15T18:10:32.484Z,38.1858,-117.8436,6.4,4.2,ml,14,49.17,0.348,0.1958,nn,nn00725563,2021-02-12T01:10:12.531Z,"32 km SE of Mina, Nevada",earthquake,,4.3,0.23,7,reviewed,nn,nn
2020-05-15T18:38:13.429Z,38.1956,-117.7406,17.2,3.1,ml,15,49.92,0.403,0.1658,nn,nn00725582,2020-08-02T00:31:07.040Z,"38 km SE of Mina, Nevada",earthquake,,1.2,0,1,reviewed,nn,nn
2020-05-15T18:41:57.257Z,38.2059,-117.9758,12.6,3,ml,13,84.17,0.267,0.1028,nn,nn00725588,2020-08-02T00:31:06.040Z,"23 km SSE of Mina, Nevada",earthquake,,4.3,0.37,2,reviewed,nn,nn
2020-05-15T18:52:41.348Z,38.1717,-117.8588,4.3,3.8,ml,15,68.45,0.35,0.2821,nn,nn00725596,2021-08-30T19:08:27.054Z,"32 km SE of Mina, Nevada",earthquake,,8.2,0.2,8,reviewed,nn,nn
2020-05-15T18:56:11.365Z,38.1727,-117.8401,10,3.2,ml,,69,0.359,0.82,us,us70009h42,2022-02-03T19:42:03.557Z,"33 km SE of Mina, Nevada",earthquake,2,2,0.047,60,reviewed,us,us
2020-05-15T18:56:20.764Z,38.1251,-118.1187,10,3.1,ml,,103,0.308,0.83,us,us70009h3w,2020-08-02T00:31:04.040Z,"29 km S of Mina, Nevada",earthquake,1.3,2,0.029,154,reviewed,us,us
2020-05-15T19:05:09.197Z,38.2146,-117.7234,6,3.5,ml,12,49.83,0.403,0.1461,nn,nn00725605,2020-08-02T00:31:04.040Z,"38 km ESE of Mina, Nevada",earthquake,,3.8,0.53,7,reviewed,nn,nn
2020-05-15T19:13:23.858Z,38.2067,-117.897,13.1,3,ml,14,50.38,0.304,0.1036,nn,nn00725611,2022-09-24T02:16:46.702Z,"27 km SE of Mina, Nevada",earthquake,,4.1,0.1,2,reviewed,nn,nn
2020-05-15T19:14:54.724Z,38.1384,-117.9748,6.2,3.2,ml,10,60.06,0.327,0.164,nn,nn00725616,2020-08-02T00:31:03.040Z,"30 km SSE of Mina, Nevada",earthquake,,6.8,0.54,3,reviewed,nn,nn
2020-05-15T19:43:26.625Z,38.17,-117.8134,10.3,3,ml,13,95.19,0.376,0.1568,nn,nn00725627,2022-09-24T02:17:21.819Z,"35 km SE of Mina, Nevada",earthquake,,9.6,0,1,reviewed,nn,nn
2020-05-15T19:59:36.381Z,38.1562,-117.8431,8.1,3.4,ml,21,47.66,0.37,0.1342,nn,nn00725643,2020-08-02T00:31:00.040Z,"34 km SE of Mina, Nevada",earthquake,,1.9,0.36,4,reviewed,nn,nn
2020-05-15T20:03:46.745Z,38.1703,-117.8377,0,3.9,ml,16,48.34,0.362,0.127,nn,nn00725650,2021-08-27T01:34:40.670Z,"34 km SE of Mina, Nevada",earthquake,,0,0.23,7,reviewed,nn,nn
2020-05-15T20:54:11.802Z,38.1569,-117.9723,7.3,3.6,ml,17,51.12,0.311,0.1224,nn,nn00725694,2020-08-02T00:30:57.040Z,"28 km SSE of Mina, Nevada",earthquake,,8.6,0.49,6,reviewed,nn,nn
2020-05-15T21:19:50.062Z,38.2229,-117.8093,17.1,3,ml,15,70.36,0.343,0.1913,nn,nn00725717,2020-08-02T00:30:55.040Z,"32 km SE of Mina, Nevada",earthquake,,5.2,0.29,4,reviewed,nn,nn
2020-05-15T21:29:16.400Z,38.1973,-117.8353,10,3.1,ml,,69,0.344,0.58,us,us70009hbw,2020-08-02T00:30:55.040Z,"32 km SE of Mina, Nevada",earthquake,1.3,2,0.059,38,reviewed,us,us
2020-05-15T21:29:43.102Z,38.1871,-117.9445,6.4,3.5,ml,59,63.6,0.296,0.4618,nn,nn00725719,2020-08-02T00:30:54.040Z,"26 km SSE of Mina, Nevada",earthquake,,2.4,0.28,21,reviewed,nn,nn
2020-05-15T21:47:23.890Z,39.9621667,-120.851,11.71,3.07,ml,21,100,0.08597,0.08,nc,nc73386685,2025-07-26T09:37:00.726Z,"5km NE of East Quincy, CA",earthquake,0.27,0.65,0.146,25,reviewed,nc,nc
2020-05-15T21:59:43.287Z,38.1656,-117.7984,6.1,4.2,ml,21,47.89,0.387,0.1841,nn,nn00725743,2021-02-11T22:07:19.334Z,"36 km SE of Mina, Nevada",earthquake,,2.6,0.33,6,reviewed,nn,nn
2020-05-15T22:15:49.953Z,38.1518,-118.0136,5.4,4.3,ml,23,42.73,0.302,0.2603,nn,nn00725752,2021-02-10T22:11:40.041Z,"27 km SSE of Mina, Nevada",earthquake,,1.5,0.25,8,reviewed,nn,nn
2020-05-15T22:24:44.430Z,32.4228333,-118.2715,17.49,3,ml,14,246,0.6021,0.24,ci,ci39202199,2020-08-02T00:30:51.040Z,"45km S of San Clemente Is. (SE tip), CA",earthquake,1,1.58,0.1,60,reviewed,ci,ci
2020-05-15T22:25:08.740Z,38.1798,-117.7294,2.1,3.8,ml,17,58.14,0.419,0.194,nn,nn00725763,2021-08-29T20:47:51.666Z,"40 km SE of Mina, Nevada",earthquake,,3.2,0.51,6,reviewed,nn,nn
2020-05-15T22:46:30.266Z,38.1692,-117.8419,10.6,4.3,ml,21,45.85,0.361,0.1373,nn,nn00725777,2021-02-11T17:02:44.685Z,"33 km SE of Mina, Nevada",earthquake,,2.2,0.28,7,reviewed,nn,nn
2020-05-15T22:50:24.025Z,38.1829,-117.9186,18.7,3.5,ml,14,83.19,0.312,0.1276,nn,nn00725782,2020-08-02T00:30:49.040Z,"28 km SE of Mina, Nevada",earthquake,,0.9,0.19,7,reviewed,nn,nn
2020-05-16T00:31:58.764Z,38.1462,-117.9703,3.1,3.3,ml,15,47.32,0.322,0.1655,nn,nn00725846,2020-08-02T00:30:45.040Z,"29 km SSE of Mina, Nevada",earthquake,,6.9,0.6,5,reviewed,nn,nn
2020-05-16T01:10:03.350Z,38.1796,-117.7823,15,3.4,ml,14,48.48,0.387,0.1847,nn,nn00725864,2020-08-02T00:30:44.040Z,"36 km SE of Mina, Nevada",earthquake,,1.3,0.21,4,reviewed,nn,nn
2020-05-16T01:46:57.030Z,36.1515,-117.9233333,2.16,3.4,ml,57,58,0.06495,0.18,ci,ci39202447,2020-08-02T00:30:42.040Z,"12km N of Coso Junction, CA",earthquake,0.14,0.33,0.145,259,reviewed,ci,ci
2020-05-16T02:13:51.866Z,38.1734,-117.9435,6.1,3.1,ml,11,81.5,0.308,0.1329,nn,nn00725918,2020-08-02T00:30:41.040Z,"28 km SSE of Mina, Nevada",earthquake,,3.8,0.39,4,reviewed,nn,nn
2020-05-16T02:39:16.867Z,38.2412,-117.8126,20.8,3,ml,9,76.7,0.33,0.0875,nn,nn00725933,2020-08-02T00:30:40.040Z,"30 km ESE of Mina, Nevada",earthquake,,3.4,0.06,2,reviewed,nn,nn
2020-05-16T02:50:45.561Z,38.1619,-118.009,6.8,3.5,ml,22,43.01,0.294,0.2358,nn,nn00725939,2020-08-02T00:30:39.040Z,"26 km SSE of Mina, Nevada",earthquake,,5.3,0.32,13,reviewed,nn,nn
2020-05-16T03:22:38.301Z,38.1756,-117.9372,6.1,3.1,ml,16,74.79,0.309,0.1358,nn,nn00725966,2020-08-02T00:30:37.040Z,"28 km SSE of Mina, Nevada",earthquake,,1.6,0.48,9,reviewed,nn,nn
2020-05-16T03:31:06.580Z,35.9555,-117.3355,3.3,3.06,ml,35,110,0.07709,0.13,ci,ci39202567,2020-08-02T00:30:36.040Z,"22km N of Trona, CA",earthquake,0.23,0.57,0.171,198,reviewed,ci,ci
2020-05-16T04:12:21.434Z,38.1313,-117.9756,5,4.6,ml,28,43.49,0.333,0.263,nn,nn00726009,2020-08-02T00:30:33.040Z,"31 km SSE of Mina, Nevada",earthquake,,1.4,0.46,10,reviewed,nn,nn
2020-05-16T04:21:00.016Z,38.2083,-117.9073,6.2,3.1,ml,36,52.16,0.297,0.2445,nn,nn00726015,2020-08-02T00:30:33.040Z,"26 km SE of Mina, Nevada",earthquake,,2.4,0.34,12,reviewed,nn,nn
2020-05-16T04:32:16.920Z,38.1794,-117.8555,9,3.8,ml,21,47.62,0.346,0.14,nn,nn00726027,2020-08-02T00:30:32.040Z,"32 km SE of Mina, Nevada",earthquake,,1.8,0.25,8,reviewed,nn,nn
2020-05-16T04:56:31.672Z,38.1894,-117.9408,5,3,ml,,81,0.295,0.32,us,us70009hra,2022-02-03T19:41:17.098Z,"26 km SSE of Mina, Nevada",earthquake,0.9,1.7,0.062,34,reviewed,us,us
2020-05-16T05:00:55.039Z,38.1764,-117.8606,1.2,3.7,ml,19,134.68,0.346,0.1893,nn,nn00726051,2021-02-19T19:20:47.049Z,"32 km SE of Mina, Nevada",earthquake,,2.5,0.48,6,reviewed,nn,nn
2020-05-16T05:01:09.090Z,38.1751,-117.9345,12.4,3.8,ml,20,42.32,0.311,0.1452,nn,nn00726050,2021-08-31T16:32:45.339Z,"Nevada",earthquake,,2.6,0.39,7,reviewed,nn,nn
2020-05-16T05:12:15.513Z,38.1893,-117.8424,5.4,3.3,ml,32,67.98,0.346,0.254,nn,nn00726059,2020-08-02T00:30:29.040Z,"32 km SE of Mina, Nevada",earthquake,,2.4,0.22,15,reviewed,nn,nn
2020-05-16T06:06:17.317Z,38.0581,-118.2364,5.9,3.7,ml,26,48.37,0.286,0.1643,nn,nn00726095,2021-09-03T17:37:57.897Z,"33 km NE of Benton, California",earthquake,,2,0.29,10,reviewed,nn,nn
2020-05-16T06:35:10.646Z,38.1547,-117.9849,4.7,3.2,ml,44,47.68,0.309,0.2339,nn,nn00726114,2020-08-02T00:30:27.040Z,"28 km SSE of Mina, Nevada",earthquake,,2.1,0.22,17,reviewed,nn,nn
2020-05-16T06:40:44.959Z,38.2122,-117.7149,10.5,3.6,ml,77,49.59,0.41,0.2807,nn,nn00726119,2020-08-02T00:30:27.040Z,"39 km ESE of Mina, Nevada",earthquake,,0.2,0.27,40,reviewed,nn,nn
2020-05-16T06:52:46.021Z,38.2015,-117.7347,4.7,3.5,ml,24,49.23,0.403,0.2497,nn,nn00726129,2020-08-02T00:30:26.040Z,"38 km ESE of Mina, Nevada",earthquake,,2.1,0.35,12,reviewed,nn,nn
2020-05-16T06:59:33.774Z,38.1864,-117.7475,7.2,3.5,ml,21,48.54,0.404,0.1951,nn,nn00726140,2020-08-02T00:30:26.040Z,"38 km SE of Mina, Nevada",earthquake,,2.2,0.23,8,reviewed,nn,nn
2020-05-16T07:09:22.788Z,38.172,-117.8583,6.5,3,ml,22,68.48,0.35,0.2394,nn,nn00726145,2020-08-02T00:30:26.040Z,"32 km SE of Mina, Nevada",earthquake,,7.5,0.33,11,reviewed,nn,nn
2020-05-16T07:11:47.913Z,38.1921,-117.7674,11.2,3.2,ml,47,49.02,0.388,0.3364,nn,nn00726147,2020-08-02T00:30:26.040Z,"37 km SE of Mina, Nevada",earthquake,,0.6,0.29,18,reviewed,nn,nn
2020-05-16T07:42:06.710Z,38.154,-117.8342,6.5,3,ml,24,87.75,0.376,0.2126,nn,nn00726177,2020-08-02T00:30:25.040Z,"35 km SE of Mina, Nevada",earthquake,,1.6,0.39,12,reviewed,nn,nn
2020-05-16T08:59:51.802Z,38.1616,-118.0688,16.1,3,ml,19,47.27,0.28,0.1532,nn,nn00726225,2020-08-02T00:30:22.040Z,"25 km S of Mina, Nevada",earthquake,,1.7,0.1,2,reviewed,nn,nn
2020-05-16T09:05:10.369Z,38.2025,-117.8906,8.4,3.3,ml,31,63.82,0.31,0.4857,nn,nn00726229,2020-08-02T00:30:21.040Z,"28 km SE of Mina, Nevada",earthquake,,3.8,0.18,8,reviewed,nn,nn
2020-05-16T09:08:39.557Z,38.1789,-117.7447,7.4,3.5,ml,21,48.11,0.411,0.149,nn,nn00726236,2020-08-02T00:30:21.040Z,"39 km SE of Mina, Nevada",earthquake,,2.1,0.25,8,reviewed,nn,nn
2020-05-16T09:45:56.500Z,38.1736,-118.0381,11.1,3,ml,23,87.25,0.275,0.2404,nn,nn00726267,2020-08-02T00:30:20.040Z,"24 km SSE of Mina, Nevada",earthquake,,2.7,0.23,8,reviewed,nn,nn
2020-05-16T10:28:40.650Z,38.192,-117.9008,6.8,3.9,ml,16,43.34,0.313,0.1904,nn,nn00726292,2021-08-27T00:33:19.845Z,"28 km SE of Mina, Nevada",earthquake,,5.7,0.38,3,reviewed,nn,nn
2020-05-16T10:30:29.788Z,38.2004,-117.904,5.6,3.4,ml,20,83.14,0.305,0.1761,nn,nn00726300,2020-08-02T00:30:18.040Z,"27 km SE of Mina, Nevada",earthquake,,2.5,0.56,5,reviewed,nn,nn
2020-05-16T10:54:17.029Z,38.1621,-117.9435,8.7,3,ml,12,64.61,0.318,0.1449,nn,nn00726322,2020-08-02T00:30:17.040Z,"29 km SSE of Mina, Nevada",earthquake,,10,0.51,5,reviewed,nn,nn
2020-05-16T11:49:30.228Z,38.1935,-117.7708,7.6,3,ml,17,49.13,0.385,0.1732,nn,nn00726350,2020-08-02T00:30:15.040Z,"36 km SE of Mina, Nevada",earthquake,,1.8,0.4,5,reviewed,nn,nn
2020-05-16T11:50:54.310Z,38.2118,-117.7347,16.8,4.6,ml,18,49.8,0.397,0.1743,nn,nn00726353,2021-02-10T17:41:27.152Z,"38 km ESE of Mina, Nevada",earthquake,,0.8,0.26,4,reviewed,nn,nn
2020-05-16T11:54:23.370Z,38.1929,-117.7349,11.3,3.8,ml,19,48.76,0.185,0.1675,nn,nn00726361,2021-08-29T21:01:45.901Z,"39 km SE of Mina, Nevada",earthquake,,2,0.26,4,reviewed,nn,nn
2020-05-16T14:21:14.539Z,38.1756,-117.9828,0,3,ml,18,48.67,0.041,0.2851,nn,nn00726443,2020-08-02T00:30:09.040Z,"26 km SSE of Mina, Nevada",earthquake,,0,0.18,5,reviewed,nn,nn
2020-05-16T15:05:16.521Z,38.2157,-117.8047,8,3,ml,15,70.7,0.144,0.0986,nn,nn00726468,2020-08-02T00:30:08.040Z,"32 km SE of Mina, Nevada",earthquake,,1.2,0.22,7,reviewed,nn,nn
2020-05-16T16:32:31.000Z,38.191,-117.7382,0,3.2,ml,20,60.51,0.182,0.2626,nn,nn00726521,2020-08-02T00:30:05.040Z,"39 km SE of Mina, Nevada",earthquake,,0,0.29,11,reviewed,nn,nn
2020-05-16T16:36:01.321Z,38.1937,-117.7627,10.6,3,ml,25,49.08,0.164,0.236,nn,nn00726524,2020-08-02T00:30:05.040Z,"37 km SE of Mina, Nevada",earthquake,,2.1,0.41,12,reviewed,nn,nn
2020-05-16T16:38:34.920Z,36.6841667,-121.3125,4.47,3.17,ml,69,54,0.04782,0.09,nc,nc73388380,2020-08-02T00:30:05.040Z,"12km S of Tres Pinos, CA",earthquake,0.13,0.6,0.157,64,reviewed,nc,nc
2020-05-16T16:38:41.363Z,38.1792,-117.7659,7.1,3.3,ml,25,48.33,0.158,0.2228,nn,nn00726527,2020-08-02T00:30:05.040Z,"38 km SE of Mina, Nevada",earthquake,,3.1,0.35,12,reviewed,nn,nn
2020-05-16T17:49:59.970Z,38.1516,-118.0185,6.8,3.6,ml,19,42.59,0.048,0.1347,nn,nn00726581,2020-08-02T00:30:03.040Z,"27 km SSE of Mina, Nevada",earthquake,,1.7,0.23,7,reviewed,nn,nn
2020-05-16T17:53:58.375Z,38.2009,-117.7839,11.5,3,ml,19,72.01,0.151,0.1856,nn,nn00726587,2020-08-02T00:30:02.040Z,"35 km SE of Mina, Nevada",earthquake,,2.1,0.31,9,reviewed,nn,nn
2020-05-16T18:06:42.921Z,38.1934,-117.7737,7.4,3,ml,11,49.15,0.156,0.1764,nn,nn00726593,2020-08-02T00:30:01.040Z,"36 km SE of Mina, Nevada",earthquake,,3.1,0.22,4,reviewed,nn,nn
2020-05-16T18:49:43.340Z,38.1981,-117.7524,4.3,3,ml,31,98.57,0.173,0.1927,nn,nn00726624,2020-08-02T00:29:59.040Z,"37 km SE of Mina, Nevada",earthquake,,2.2,0.34,13,reviewed,nn,nn
2020-05-16T18:50:12.678Z,38.2013,-117.7397,10.33,3.1,ml,,74,0.4,0.55,us,us70009mpc,2020-08-02T00:29:59.040Z,"38 km ESE of Mina, Nevada",earthquake,1.3,8.4,0.032,128,reviewed,us,us
2020-05-16T19:31:54.790Z,38.197,-117.8522,14.8,3,ml,35,69.42,0.107,0.22,nn,nn00726646,2022-06-19T00:41:25.412Z,"31 km SE of Mina, Nevada",earthquake,,0.8,,,automatic,nn,nn
2020-05-16T19:55:12.907Z,38.17,-117.9607,8.1,3.1,ml,18,53.92,0.031,0.1325,nn,nn00726657,2020-08-02T00:29:56.040Z,"27 km SSE of Mina, Nevada",earthquake,,1.3,0.26,5,reviewed,nn,nn
2020-05-16T20:17:44.624Z,38.2196,-117.763,5.7,3.8,ml,18,50.51,0.174,0.101,nn,nn00726665,2021-08-30T19:26:12.376Z,"35 km ESE of Mina, Nevada",earthquake,,2.4,0.3,5,reviewed,nn,nn
2020-05-16T20:58:18.624Z,38.1799,-117.937,5.4,3.7,ml,18,45.34,0.045,0.1469,nn,nn00726703,2020-08-02T00:29:54.040Z,"27 km SSE of Mina, Nevada",earthquake,,1.2,0.53,6,reviewed,nn,nn
2020-05-16T21:15:58.708Z,38.1503,-117.9975,9.8,3.1,ml,27,53.57,0.032,0.1517,nn,nn00726716,2020-08-02T00:29:54.040Z,"28 km SSE of Mina, Nevada",earthquake,,0.8,0.37,10,reviewed,nn,nn
2020-05-16T21:39:33.493Z,38.1498,-117.8751,5.1,3,ml,19,66.35,0.013,0.1567,nn,nn00726724,2022-05-09T17:17:57.052Z,"33 km SE of Mina, Nevada",earthquake,,1,0.5,5,reviewed,nn,nn
2020-05-16T22:22:27.756Z,38.2007,-117.887,7.2,3.1,ml,29,92.85,0.041,0.2694,nn,nn00726744,2020-08-02T00:29:52.040Z,"28 km SE of Mina, Nevada",earthquake,,1.1,0.46,11,reviewed,nn,nn
2020-05-16T22:45:38.119Z,38.1277,-118.0567,7.8,3.1,ml,23,43.93,0.078,0.2939,nn,nn00726756,2020-08-02T00:29:51.040Z,"29 km S of Mina, Nevada",earthquake,,2,0.27,8,reviewed,nn,nn
2020-05-16T23:27:14.582Z,38.1425,-118.0327,4.7,4.4,ml,23,43.07,0.058,0.1244,nn,nn00726772,2021-02-10T19:56:30.719Z,"28 km SSE of Mina, Nevada",earthquake,,1,0.21,7,reviewed,nn,nn
2020-05-16T23:49:28.643Z,38.1972,-117.7222,8.9,3.2,ml,18,75.5,0.195,0.0914,nn,nn00726797,2020-08-02T00:29:48.040Z,"40 km ESE of Mina, Nevada",earthquake,,2.9,0.33,6,reviewed,nn,nn
2020-05-17T02:12:27.390Z,38.1875,-117.7588,8.1,3,ml,15,57.86,0.165,0.1044,nn,nn00726881,2020-08-02T00:29:44.040Z,"38 km SE of Mina, Nevada",earthquake,,2.8,0.19,2,reviewed,nn,nn
2020-05-17T03:04:21.637Z,38.1717,-117.7921,8.4,3.4,ml,16,48.15,0.136,0.1551,nn,nn00726910,2020-08-02T00:29:42.040Z,"36 km SE of Mina, Nevada",earthquake,,2.5,0.2,3,reviewed,nn,nn
2020-05-17T03:25:32.773Z,38.1719,-117.855,4.5,3.2,ml,15,47.49,0.089,0.1509,nn,nn00726923,2020-08-02T00:29:42.040Z,"32 km SE of Mina, Nevada",earthquake,,2.9,0.37,2,reviewed,nn,nn
2020-05-17T03:48:41.732Z,38.1995,-117.7388,8,3,ml,24,49.96,0.184,0.2226,nn,nn00726941,2020-08-02T00:29:41.040Z,"38 km ESE of Mina, Nevada",earthquake,,3.2,0.36,12,reviewed,nn,nn
2020-05-17T05:02:22.838Z,38.1605,-117.8524,5.9,3.5,ml,22,47.34,0.087,0.2661,nn,nn00726986,2020-08-02T00:29:39.040Z,"33 km SE of Mina, Nevada",earthquake,,1.3,0.35,12,reviewed,nn,nn
2020-05-17T05:53:08.402Z,38.1321,-118.064,6,3,ml,24,46.08,0.083,0.1824,nn,nn00727009,2020-08-02T00:29:37.040Z,"28 km S of Mina, Nevada",earthquake,,1.5,0.25,13,reviewed,nn,nn
2020-05-17T06:11:32.620Z,38.1773,-117.9343,4.4,3.3,ml,13,144,0.031,0.07,nn,nn00727031,2021-02-19T19:20:39.506Z,"28 km SSE of Mina, Nevada",earthquake,,0.8,,,automatic,nn,nn
2020-05-17T06:11:46.361Z,38.1822,-117.7455,7.2,3.5,ml,16,48.3,0.174,0.1717,nn,nn00727030,2021-02-19T19:20:33.522Z,"39 km SE of Mina, Nevada",earthquake,,2.7,0.22,3,reviewed,nn,nn
2020-05-17T06:24:24.278Z,38.1705,-117.8804,0,3.4,ml,15,46.77,0.07,0.2088,nn,nn00727043,2020-08-02T00:29:35.040Z,"31 km SE of Mina, Nevada",earthquake,,0,0.05,2,reviewed,nn,nn
2020-05-17T06:42:02.524Z,38.1772,-117.7858,5.9,3.3,ml,15,87.56,0.142,0.1183,nn,nn00727385,2020-08-02T00:29:34.040Z,"36 km SE of Mina, Nevada",earthquake,,3.1,0.3,2,reviewed,nn,nn
2020-05-17T07:33:01.889Z,38.1495,-118.0113,7,3,ml,23,53.36,0.042,0.1379,nn,nn00727083,2020-08-02T00:29:33.040Z,"28 km SSE of Mina, Nevada",earthquake,,0.9,0.25,9,reviewed,nn,nn
2020-05-17T07:54:09.420Z,38.1439,-117.9829,11.4,3.3,ml,22,43.48,0.019,0.1657,nn,nn00727104,2020-08-02T00:29:32.040Z,"29 km SSE of Mina, Nevada",earthquake,,0.8,0.13,8,reviewed,nn,nn
2020-05-17T08:28:48.506Z,38.1618,-117.8439,7.3,4.3,ml,22,47.6,0.094,0.1468,nn,nn00727120,2021-02-11T18:57:51.691Z,"34 km SE of Mina, Nevada",earthquake,,1.2,0.31,8,reviewed,nn,nn
2020-05-17T09:42:21.260Z,38.1363,-117.9965,8.8,3.4,ml,23,42.99,0.029,0.1807,nn,nn00727164,2020-08-02T00:29:29.040Z,"29 km SSE of Mina, Nevada",earthquake,,0.8,0.33,8,reviewed,nn,nn
2020-05-17T11:22:50.299Z,38.2026,-117.7843,11.5,3.7,ml,18,49.74,0.152,0.1316,nn,nn00727224,2021-09-03T18:16:58.266Z,"35 km SE of Mina, Nevada",earthquake,,1.1,0.27,4,reviewed,nn,nn
2020-05-17T11:53:53.336Z,38.15,-117.9553,9.6,4.5,ml,26,51.9,0.012,0.2003,nn,nn00727244,2021-02-10T18:37:20.105Z,"29 km SSE of Mina, Nevada",earthquake,,0.8,0.5,9,reviewed,nn,nn
2020-05-17T12:34:46.012Z,38.1545,-118.02,6.5,3,ml,19,53.23,0.05,0.2643,nn,nn00727277,2020-08-02T00:29:26.040Z,"27 km SSE of Mina, Nevada",earthquake,,3.4,0.32,3,reviewed,nn,nn
2020-05-17T13:17:55.657Z,38.1577,-117.9583,10.5,3.9,ml,22,44.38,0.019,0.1435,nn,nn00727300,2021-04-23T21:26:00.109Z,"28 km SSE of Mina, Nevada",earthquake,,0.6,0.39,7,reviewed,nn,nn
2020-05-17T13:49:30.610Z,35.8783333,-117.6825,3.94,3.11,ml,57,22,0.07415,0.17,ci,ci39204695,2021-03-12T17:45:53.390Z,"21km ESE of Little Lake, CA",earthquake,0.13,0.36,0.131,220,reviewed,ci,ci
2020-05-17T15:13:02.048Z,38.0915,-118.5332,7.1,3.1,ml,22,42.35,0.162,0.1582,nn,nn00727369,2020-08-02T00:29:21.040Z,"30 km N of Benton, California",earthquake,,3.3,0.39,7,reviewed,nn,nn
2020-05-17T16:57:13.702Z,38.1863,-117.7403,7.9,3.5,ml,26,48.47,0.106,0.2276,nn,nn00727414,2020-08-02T00:29:18.040Z,"39 km SE of Mina, Nevada",earthquake,,1,0.24,14,reviewed,nn,nn
2020-05-17T17:36:39.200Z,35.9941667,-120.561,3.79,3.17,ml,67,115,0.02496,0.08,nc,nc73389810,2020-08-02T00:29:17.040Z,"16km NW of Parkfield, CA",earthquake,0.16,0.21,0.157,56,reviewed,nc,nc
2020-05-17T18:16:52.006Z,38.1478,-117.9954,5.5,3.7,ml,26,42.46,0.03,0.1491,nn,nn00727460,2020-08-02T00:29:16.040Z,"28 km SSE of Mina, Nevada",earthquake,,0.7,0.43,9,reviewed,nn,nn
2020-05-17T19:08:23.513Z,38.1573,-117.9354,12,3.9,ml,24,45.02,0.027,0.1088,nn,nn00727479,2020-08-02T00:29:15.040Z,"30 km SSE of Mina, Nevada",earthquake,,0.5,0.27,8,reviewed,nn,nn
2020-05-17T19:21:33.397Z,38.1533,-117.9646,5.7,3.3,ml,18,89.03,0.015,0.1398,nn,nn00727505,2020-08-02T00:29:14.040Z,"29 km SSE of Mina, Nevada",earthquake,,0.7,0.27,5,reviewed,nn,nn
2020-05-17T19:21:49.879Z,38.1405,-118.0586,5.5,3.3,ml,26,46.52,0.078,0.1596,nn,nn00727500,2020-08-02T00:29:14.040Z,"28 km S of Mina, Nevada",earthquake,,1.3,0.25,8,reviewed,nn,nn
2020-05-17T21:17:02.474Z,38.1749,-117.8028,10.4,4.7,ml,24,46.81,0.056,0.1201,nn,nn00727561,2021-02-10T16:19:28.315Z,"35 km SE of Mina, Nevada",earthquake,,0.8,0.14,7,reviewed,nn,nn
2020-05-17T21:47:44.646Z,38.1449,-118.0462,5,4.3,ml,27,43.03,0.069,0.1438,nn,nn00727575,2021-02-11T16:27:24.226Z,"27 km SSE of Mina, Nevada",earthquake,,1.2,0.35,8,reviewed,nn,nn
2020-05-17T23:19:54.772Z,38.1437,-117.9927,4.7,3.9,ml,22,43.2,0.027,0.1081,nn,nn00727618,2020-08-02T00:29:10.040Z,"29 km SSE of Mina, Nevada",earthquake,,1.2,0.29,7,reviewed,nn,nn
2020-05-18T00:26:22.154Z,38.1477,-117.9548,8.3,3.5,ml,22,47.42,0.01,0.1593,nn,nn00727640,2020-08-02T00:29:09.040Z,"30 km SSE of Mina, Nevada",earthquake,,0.8,0.29,7,reviewed,nn,nn
2020-05-18T00:29:53.667Z,38.1798,-117.8351,6.5,3,ml,18,48.82,0.106,0.1112,nn,nn00727646,2020-08-02T00:29:09.040Z,"Nevada",earthquake,,1.4,0.27,4,reviewed,nn,nn
2020-05-18T00:46:34.655Z,38.184,-117.7262,9.9,3.4,ml,18,69.14,0.189,0.1616,nn,nn00727655,2020-08-02T00:29:08.040Z,"40 km SE of Mina, Nevada",earthquake,,1.9,0.3,5,reviewed,nn,nn
2020-05-18T02:19:08.415Z,38.1651,-118.0999,5.9,4.3,ml,26,42.25,0.114,0.1793,nn,nn00727712,2021-02-11T18:00:00.260Z,"25 km S of Mina, Nevada",earthquake,,2.5,0.39,12,reviewed,nn,nn
2020-05-18T06:21:03.954Z,38.1836,-117.7463,8.6,3.1,ml,16,48.38,0.174,0.1146,nn,nn00727829,2020-08-02T00:29:00.040Z,"39 km SE of Mina, Nevada",earthquake,,2.9,0.23,3,reviewed,nn,nn
2020-05-18T07:53:57.856Z,38.183,-117.8676,10.6,3.1,ml,16,47.36,0.085,0.0993,nn,nn00727886,2020-08-02T00:28:57.040Z,"31 km SE of Mina, Nevada",earthquake,,1.4,0.29,3,reviewed,nn,nn
2020-05-18T08:05:15.275Z,38.1733,-117.7712,11.6,3,ml,15,48.07,0.152,0.1111,nn,nn00727892,2020-08-02T00:28:56.040Z,"38 km SE of Mina, Nevada",earthquake,,2,0.19,2,reviewed,nn,nn
2020-05-18T08:44:57.874Z,38.1644,-117.8365,6.2,3,ml,15,56.45,0.1,0.1069,nn,nn00727909,2020-08-02T00:28:56.040Z,"34 km SE of Mina, Nevada",earthquake,,2,0.36,2,reviewed,nn,nn
2020-05-18T09:45:55.127Z,38.1375,-117.9789,11.7,3.5,ml,16,42.39,0.016,0.16,nn,nn00727938,2020-08-02T00:28:54.040Z,"30 km SSE of Mina, Nevada",earthquake,,1.2,0.22,3,reviewed,nn,nn
2020-05-18T11:29:24.331Z,38.1881,-117.7362,10.6,3.3,ml,15,51.95,0.183,0.1499,nn,nn00728048,2020-08-02T00:28:51.040Z,"39 km SE of Mina, Nevada",earthquake,,3.1,0.32,3,reviewed,nn,nn
2020-05-18T13:02:44.080Z,38.1907,-117.7465,8.1,3,ml,12,160.94,0.4,0.08,nn,nn00728025,2020-08-02T00:28:48.040Z,"38 km SE of Mina, Nevada",earthquake,,10.5,,,automatic,nn,nn
2020-05-18T17:41:57.866Z,38.1846,-117.7411,10.5,3,ml,21,49.98,0.111,0.1536,nn,nn00728105,2020-08-02T00:28:43.040Z,"39 km SE of Mina, Nevada",earthquake,,1.2,0.47,6,reviewed,nn,nn
2020-05-18T18:30:19.688Z,38.1423,-118.0471,6.2,3.4,ml,22,46.79,0.069,0.175,nn,nn00728122,2020-08-02T00:28:42.040Z,"28 km S of Mina, Nevada",earthquake,,1.2,0.23,8,reviewed,nn,nn
2020-05-18T18:35:47.836Z,38.2222,-117.7908,5.6,3,ml,18,50.87,0.157,0.139,nn,nn00728129,2020-08-02T00:28:41.040Z,"33 km SE of Mina, Nevada",earthquake,,3.4,0.36,4,reviewed,nn,nn
2020-05-18T19:13:49.968Z,38.1534,-117.868,6.8,3.4,ml,14,47.61,0.074,0.1453,nn,nn00728153,2020-08-02T00:28:40.040Z,"33 km SE of Mina, Nevada",earthquake,,1.2,0.43,6,reviewed,nn,nn
2020-05-18T19:23:35.226Z,38.1613,-117.9244,7.1,3.1,ml,24,48.08,0.036,0.1461,nn,nn00728161,2020-08-02T00:28:39.040Z,"30 km SSE of Mina, Nevada",earthquake,,0.7,0.41,7,reviewed,nn,nn
2020-05-18T19:47:18.025Z,38.1795,-117.8876,7.7,3.4,ml,22,48.96,0.07,0.1627,nn,nn00728170,2020-08-02T00:28:38.040Z,"30 km SE of Mina, Nevada",earthquake,,1.1,0.37,6,reviewed,nn,nn
2020-05-18T21:51:01.467Z,38.1532,-117.9921,4.9,3.3,ml,24,47.59,0.029,0.1304,nn,nn00728210,2020-08-02T00:28:36.040Z,"28 km SSE of Mina, Nevada",earthquake,,0.8,0.42,8,reviewed,nn,nn
2020-05-18T23:23:34.623Z,38.1551,-117.8646,5.6,3.4,ml,21,46.91,0.077,0.1708,nn,nn00728253,2020-08-02T00:28:33.040Z,"33 km SE of Mina, Nevada",earthquake,,1.4,0.37,5,reviewed,nn,nn
2020-05-18T23:40:51.091Z,38.1938,-117.7705,9.3,3,ml,20,49.14,0.127,0.1432,nn,nn00728264,2020-08-02T00:28:32.040Z,"36 km SE of Mina, Nevada",earthquake,,1.5,0.51,4,reviewed,nn,nn
2020-05-19T02:13:33.249Z,38.1567,-117.9561,6.7,3.4,ml,32,51.73,0.018,0.2811,nn,nn00728324,2020-08-02T00:28:29.040Z,"29 km SSE of Mina, Nevada",earthquake,,0.9,0.36,13,reviewed,nn,nn
2020-05-19T03:43:22.820Z,38.1443,-117.8902,8.2,3.5,ml,30,49.64,0.055,0.2299,nn,nn00728359,2020-08-02T00:28:27.040Z,"33 km SE of Mina, Nevada",earthquake,,0.8,0.29,14,reviewed,nn,nn
2020-05-19T07:02:01.760Z,38.0541667,-118.7273333,6.99,3.28,ml,38,114,0.2636,0.05,nc,nc73389911,2020-08-02T00:28:22.040Z,"30km SE of Bodie, CA",earthquake,0.28,2.6,0.186,31,reviewed,nc,nc
2020-05-19T07:15:39.270Z,32.4066667,-115.2175,9.9,3.16,ml,37,69,0.07511,0.41,ci,ci39206855,2020-08-02T00:28:21.040Z,"6km NNW of Delta, B.C., MX",earthquake,0.49,1.16,0.14,73,reviewed,ci,ci
2020-05-19T09:08:33.875Z,38.1782,-117.8017,10.5,4.3,ml,25,48.55,0.125,0.1638,nn,nn00728546,2021-02-11T17:49:06.854Z,"35 km SE of Mina, Nevada",earthquake,,0.8,0.33,7,reviewed,nn,nn
2020-05-19T09:20:11.675Z,38.1299,-118.0659,7.6,3,ml,22,56.35,0.084,0.186,nn,nn00728557,2020-08-02T00:28:16.040Z,"29 km S of Mina, Nevada",earthquake,,1.5,0.34,6,reviewed,nn,nn
2020-05-19T09:48:50.239Z,38.1368,-118.0631,6.3,3.9,ml,27,43.92,0.082,0.1572,nn,nn00728581,2020-08-02T00:28:16.040Z,"28 km S of Mina, Nevada",earthquake,,1.1,0.24,9,reviewed,nn,nn
2020-05-19T10:36:37.706Z,38.1591,-117.859,6.8,3.7,ml,25,47.14,0.082,0.18,nn,nn00728614,2021-09-03T18:35:48.839Z,"33 km SE of Mina, Nevada",earthquake,,1.1,0.29,9,reviewed,nn,nn
2020-05-19T10:42:17.839Z,38.2098,-117.7966,10.1,3.1,ml,20,57.31,0.146,0.1188,nn,nn00728620,2020-08-02T00:28:14.040Z,"33 km SE of Mina, Nevada",earthquake,,0.9,0.48,4,reviewed,nn,nn
2020-05-19T10:58:43.114Z,38.1776,-117.7921,8.4,4,ml,25,57.33,0.121,0.1299,nn,nn00728633,2021-02-19T00:53:45.208Z,"36 km SE of Mina, Nevada",earthquake,,1,0.18,7,reviewed,nn,nn
2020-05-19T13:21:34.610Z,38.1681,-117.9551,4.8,3.3,ml,18,41.69,0.029,0.1934,nn,nn00728682,2020-08-02T00:28:10.040Z,"28 km SSE of Mina, Nevada",earthquake,,1.5,0.38,2,reviewed,nn,nn
2020-05-19T15:58:31.620Z,40.4538333,-124.562,23.64,4.17,mw,25,256,0.1727,0.14,nc,nc73390316,2020-08-24T12:07:28.053Z,"28km WNW of Petrolia, CA",earthquake,1.6,0.81,,3,reviewed,nc,nc
2020-05-19T18:01:59.200Z,38.1755,-117.9033,5.5,3.1,ml,23,46.22,0.057,0.1401,nn,nn00728804,2020-08-02T00:28:04.040Z,"29 km SE of Mina, Nevada",earthquake,,1.1,0.47,7,reviewed,nn,nn
2020-05-19T21:48:54.278Z,38.152,-117.8774,7.2,3.4,ml,18,73.24,0.066,0.1266,nn,nn00735484,2020-08-02T00:28:01.040Z,"33 km SE of Mina, Nevada",earthquake,,1.5,0.27,3,reviewed,nn,nn
2020-05-19T22:12:45.639Z,38.1755,-117.8535,8.1,4.6,ml,23,47.6,0.091,0.1864,nn,nn00728819,2021-02-10T16:52:07.942Z,"32 km SE of Mina, Nevada",earthquake,,1.7,0.38,10,reviewed,nn,nn
2020-05-19T22:54:00.222Z,41.2687,-117.0394,6.83,3.1,ml,,72,1.459,0.5,us,us70009l7x,2020-08-02T00:28:00.040Z,"48 km ESE of Paradise Valley, Nevada",earthquake,4,2.7,0.041,78,reviewed,us,us
2020-05-20T01:44:34.677Z,38.1906,-117.8669,7.8,3.4,ml,25,47.52,0.089,0.1817,nn,nn00728896,2020-08-08T18:17:40.040Z,"30 km SE of Mina, Nevada",earthquake,,1.3,0.23,9,reviewed,nn,nn
2020-05-20T03:04:24.162Z,38.1657,-117.8561,5.7,3.3,ml,22,47.35,0.086,0.1562,nn,nn00728945,2020-08-08T18:17:40.040Z,"33 km SE of Mina, Nevada",earthquake,,1,0.49,6,reviewed,nn,nn
2020-05-20T03:13:49.191Z,38.1373,-118.0667,7.1,4,ml,19,43.51,0.085,0.1152,nn,nn00728954,2021-02-18T23:49:12.419Z,"28 km S of Mina, Nevada",earthquake,,1.3,0.5,5,reviewed,nn,nn
2020-05-20T03:49:57.905Z,38.1255,-118.0627,5.5,3.9,ml,26,44.07,0.083,0.1803,nn,nn00728983,2022-08-08T22:51:22.779Z,"29 km S of Mina, Nevada",earthquake,,1.5,0.18,8,reviewed,nn,nn
2020-05-20T05:25:39.914Z,38.159,-117.9627,8.1,3.3,ml,27,56.06,0.02,0.2248,nn,nn00729041,2020-08-08T18:17:41.040Z,"28 km SSE of Mina, Nevada",earthquake,,0.9,0.32,14,reviewed,nn,nn
2020-05-20T06:11:40.402Z,38.1403,-117.8793,7.4,3.1,ml,24,46.25,0.063,0.1634,nn,nn00729077,2020-08-08T18:17:41.040Z,"34 km SE of Mina, Nevada",earthquake,,1.3,0.28,8,reviewed,nn,nn
2020-05-20T07:45:21.998Z,38.1449,-117.9922,5.2,3.1,ml,26,53.97,0.027,0.1593,nn,nn00729141,2020-08-08T18:17:41.040Z,"29 km SSE of Mina, Nevada",earthquake,,0.7,0.3,9,reviewed,nn,nn
2020-05-20T09:45:46.555Z,38.1257,-118.0724,4.2,3.6,ml,15,131.26,0.09,0.0777,nn,nn00729217,2020-08-08T18:18:02.040Z,"29 km S of Mina, Nevada",earthquake,,2.4,1.19,3,reviewed,nn,nn
2020-05-20T09:46:16.713Z,38.1351,-118.0676,7.1,4.1,ml,28,43.62,0.085,0.1304,nn,nn00729215,2021-02-16T21:29:17.287Z,"28 km S of Mina, Nevada",earthquake,0.53,0.8,0.25,9,reviewed,nn,nn
2020-05-20T09:47:49.570Z,38.1336,-118.0806,5.7,3.1,ml,19,95.52,0.096,0.1514,nn,nn00729220,2020-08-08T18:17:41.040Z,"28 km S of Mina, Nevada",earthquake,,2.4,0.05,2,reviewed,nn,nn
2020-05-20T10:41:31.892Z,38.1791,-117.8352,5.4,3.4,ml,25,64.21,0.106,0.2166,nn,nn00729376,2020-08-08T18:17:42.040Z,"33 km SE of Mina, Nevada",earthquake,,1,0.18,8,reviewed,nn,nn
2020-05-20T12:36:53.447Z,38.2012,-117.7453,11.7,5,ml,20,49.32,0.128,0.1674,nn,nn00729332,2020-08-09T10:22:23.139Z,"38 km ESE of Mina, Nevada",earthquake,,1.3,0.1,4,reviewed,nn,nn
2020-05-20T12:38:37.405Z,38.2073,-117.7592,5.71,4.3,ml,,71,0.136,1.13,us,us6000a0ze,2020-08-08T18:17:33.040Z,"36 km ESE of Mina, Nevada",earthquake,1.1,3,0.06,36,reviewed,us,us
2020-05-20T12:41:59.837Z,38.2047,-117.7442,7.7,3.2,ml,23,72.58,0.131,0.1616,nn,nn00729339,2020-08-08T18:17:42.040Z,"37 km ESE of Mina, Nevada",earthquake,,1.8,0.34,7,reviewed,nn,nn
2020-05-20T12:52:07.923Z,38.209,-117.7394,8,3.3,ml,23,60.09,0.135,0.1447,nn,nn00729347,2020-08-08T18:17:42.040Z,"38 km ESE of Mina, Nevada",earthquake,,1.4,0.29,7,reviewed,nn,nn
2020-05-20T13:34:55.234Z,38.1978,-117.7504,9.3,3.3,ml,23,58.08,0.126,0.1472,nn,nn00729383,2020-08-08T18:17:43.040Z,"37 km SE of Mina, Nevada",earthquake,,1.1,0.43,7,reviewed,nn,nn
2020-05-20T13:57:21.863Z,38.1958,-117.7536,11,3.3,ml,10,71.11,0.124,0.1697,nn,nn00729412,2020-08-08T18:17:43.040Z,"37 km SE of Mina, Nevada",earthquake,,1.7,0.34,4,reviewed,nn,nn
2020-05-20T14:44:29.420Z,38.1992,-117.7515,11,3.4,ml,23,59.69,0.127,0.145,nn,nn00729441,2020-08-08T18:17:43.040Z,"37 km SE of Mina, Nevada",earthquake,,1.1,0.18,7,reviewed,nn,nn
2020-05-20T15:19:16.755Z,38.1729,-117.7936,12.1,3.3,ml,21,48.22,0.117,0.1664,nn,nn00729463,2020-08-08T18:17:43.040Z,"36 km SE of Mina, Nevada",earthquake,,0.9,0.41,5,reviewed,nn,nn
2020-05-20T15:39:36.261Z,38.1588,-117.9558,5.7,3.4,ml,25,56.38,0.02,0.1932,nn,nn00729475,2020-08-08T18:17:43.040Z,"28 km SSE of Mina, Nevada",earthquake,,1.7,0.4,8,reviewed,nn,nn
2020-05-20T15:49:49.279Z,38.1599,-117.9569,6.2,3.6,ml,22,44.45,0.021,0.1269,nn,nn00729488,2020-08-08T18:17:43.040Z,"28 km SSE of Mina, Nevada",earthquake,,1.5,0.36,7,reviewed,nn,nn
2020-05-20T16:19:37.333Z,38.1873,-117.7349,7.7,3.4,ml,24,48.46,0.113,0.1256,nn,nn00729511,2020-08-08T18:17:43.040Z,"39 km SE of Mina, Nevada",earthquake,,1.2,0.17,7,reviewed,nn,nn
2020-05-20T16:35:25.175Z,38.1511,-117.9786,11.7,3.1,ml,24,47.53,0.019,0.1237,nn,nn00729525,2020-08-08T18:17:43.040Z,"28 km SSE of Mina, Nevada",earthquake,,0.8,0.25,7,reviewed,nn,nn
2020-05-20T16:40:56.400Z,35.7031667,-117.497,8.96,3.58,mw,62,63,0.1187,0.16,ci,ci39208391,2020-08-24T09:26:34.370Z,"11km SW of Searles Valley, CA",earthquake,0.12,0.36,,4,reviewed,ci,ci
2020-05-20T17:57:30.285Z,38.1432,-117.9552,4.8,3,ml,22,40.06,0.005,0.2626,nn,nn00729570,2022-05-09T17:19:02.435Z,"30 km SSE of Mina, Nevada",earthquake,,2,0.68,5,reviewed,nn,nn
2020-05-20T18:38:06.936Z,38.207,-117.7314,9.7,3.5,ml,25,49.49,0.119,0.1363,nn,nn00729592,2020-08-08T18:17:44.040Z,"38 km ESE of Mina, Nevada",earthquake,,1.2,0.37,6,reviewed,nn,nn
2020-05-20T20:19:14.648Z,38.1855,-117.7417,8,3.4,ml,28,48.43,0.105,0.1423,nn,nn00729653,2020-08-08T18:17:44.040Z,"39 km SE of Mina, Nevada",earthquake,,0.7,0.24,9,reviewed,nn,nn
2020-05-20T21:07:00.694Z,38.1925,-117.7344,7.5,3.4,ml,28,48.73,0.112,0.1539,nn,nn00729693,2020-08-08T18:17:44.040Z,"39 km SE of Mina, Nevada",earthquake,,0.8,0.26,9,reviewed,nn,nn
2020-05-20T23:29:00.921Z,38.1305,-118.0637,6.9,3,ml,31,46.74,0.083,0.2335,nn,nn00729788,2020-08-08T18:17:45.040Z,"29 km S of Mina, Nevada",earthquake,,1.3,0.19,10,reviewed,nn,nn
2020-05-21T00:11:46.583Z,38.1531,-117.8601,5.6,3,ml,25,55.66,0.08,0.2109,nn,nn00729812,2020-08-08T18:17:45.040Z,"34 km SE of Mina, Nevada",earthquake,,1.1,0.3,12,reviewed,nn,nn
2020-05-21T00:53:52.710Z,38.2145,-117.7842,7.2,3,ml,23,50.39,0.15,0.1404,nn,nn00729837,2020-08-08T18:17:45.040Z,"34 km SE of Mina, Nevada",earthquake,,1.7,0.42,7,reviewed,nn,nn
2020-05-21T05:00:56.886Z,38.1848,-117.8896,6.6,3.1,ml,25,46.77,0.072,0.1544,nn,nn00729996,2020-08-08T18:17:45.040Z,"29 km SE of Mina, Nevada",earthquake,,1.1,0.47,10,reviewed,nn,nn
2020-05-21T06:37:18.905Z,38.1972,-117.7262,6.4,3.2,ml,26,48.9,0.122,0.1727,nn,nn00730059,2020-08-08T18:17:46.040Z,"39 km ESE of Mina, Nevada",earthquake,,1.4,0.32,10,reviewed,nn,nn
2020-05-21T12:08:08.070Z,38.173,-117.8448,6.7,3.1,ml,25,50.03,0.097,0.1688,nn,nn00730278,2020-08-08T18:17:46.040Z,"33 km SE of Mina, Nevada",earthquake,,1.2,0.43,8,reviewed,nn,nn
2020-05-21T14:32:15.018Z,38.1726,-117.8374,7.1,3,ml,27,63.6,0.029,0.1554,nn,nn00730380,2020-08-08T18:17:46.040Z,"33 km SE of Mina, Nevada",earthquake,,0.7,0.33,12,reviewed,nn,nn
2020-05-21T16:33:00.317Z,38.1612,-117.8837,7.9,3.2,ml,20,93.76,0.01,0.1477,nn,nn00730463,2020-05-22T02:12:39.257Z,"32 km SE of Mina, Nevada",earthquake,,1,0.83,6,reviewed,nn,nn
2020-05-21T16:33:10.568Z,38.1472,-118.0016,4.8,3.2,ml,27,42.59,0.034,0.1682,nn,nn00730461,2020-08-08T18:17:47.040Z,"28 km SSE of Mina, Nevada",earthquake,,0.9,0.38,9,reviewed,nn,nn
2020-05-21T23:44:53.228Z,38.1903,-117.7429,8.8,3,ml,20,71.44,0.117,0.1487,nn,nn00730707,2020-08-08T18:17:48.040Z,"Nevada",earthquake,,1.9,0.52,5,reviewed,nn,nn
2020-05-22T00:22:00.588Z,38.2309,-117.7939,7.2,5.1,ml,31,47.16,0.092,0.1378,nn,nn00730721,2020-08-08T18:17:48.040Z,"32 km ESE of Mina, Nevada",earthquake,,1.4,0.44,11,reviewed,nn,nn
2020-05-22T04:30:00.609Z,38.1518,-117.9637,10.6,3.2,ml,23,47.59,0.013,0.1265,nn,nn00730902,2020-08-08T18:17:48.040Z,"29 km SSE of Mina, Nevada",earthquake,,0.6,0.27,10,reviewed,nn,nn
2020-05-22T07:00:08.348Z,38.1362,-118.0033,6,3,ml,24,61.49,0.035,0.1534,nn,nn00731001,2020-08-08T18:17:48.040Z,"29 km SSE of Mina, Nevada",earthquake,,0.9,0.43,9,reviewed,nn,nn
2020-05-22T10:29:26.475Z,38.1364,-117.9841,9,3.1,ml,24,42.53,0.02,0.159,nn,nn00731147,2020-08-08T18:17:49.040Z,"30 km SSE of Mina, Nevada",earthquake,,0.8,0.31,9,reviewed,nn,nn
2020-05-22T11:58:53.719Z,38.1655,-117.8479,4.9,3,ml,24,55.94,0.019,0.2076,nn,nn00731201,2020-08-08T18:17:49.040Z,"33 km SE of Mina, Nevada",earthquake,,0.9,0.25,9,reviewed,nn,nn
2020-05-22T13:00:43.663Z,38.1321,-118.0631,6.2,3.3,ml,25,56.2,0.082,0.1716,nn,nn00731306,2020-08-08T18:17:49.040Z,"28 km S of Mina, Nevada",earthquake,,1.3,0.55,10,reviewed,nn,nn
2020-05-22T13:01:06.439Z,38.1286,-118.0615,6.1,4.2,ml,27,43.91,0.081,0.1907,nn,nn00731265,2021-02-11T23:00:31.934Z,"29 km S of Mina, Nevada",earthquake,,1.3,0.33,11,reviewed,nn,nn
2020-05-22T13:58:05.930Z,37.0831667,-119.2688333,44.62,3.16,ml,33,96,0.2433,0.13,nc,nc73393256,2020-08-08T18:17:50.040Z,"5km ESE of Shaver Lake, CA",earthquake,0.4,0.72,0.132,53,reviewed,nc,nc
2020-05-22T15:54:46.425Z,38.1641,-117.8581,5.8,3.3,ml,26,47.26,0.011,0.1733,nn,nn00731384,2020-08-08T18:17:50.040Z,"33 km SE of Mina, Nevada",earthquake,,0.8,0.4,11,reviewed,nn,nn
2020-05-22T16:19:42.150Z,38.1603,-117.8571,4.6,3.1,ml,22,93.26,0.012,0.1567,nn,nn00731403,2022-08-08T22:52:30.220Z,"33 km SE of Mina, Nevada",earthquake,,0.8,0.31,8,reviewed,nn,nn
2020-05-22T17:50:45.768Z,38.1473,-117.9644,8.2,3.1,ml,16,44.04,0.009,0.1716,nn,nn00731458,2020-08-08T18:17:50.040Z,"29 km SSE of Mina, Nevada",earthquake,,0.7,0.33,10,reviewed,nn,nn
2020-05-23T03:29:30.760Z,37.5153333,-118.9915,2.93,3.14,ml,37,102,0.09874,0.05,nc,nc73393851,2020-08-08T18:17:52.040Z,"14km S of Mammoth Lakes, CA",earthquake,0.24,1.01,0.196,53,reviewed,nc,nc
2020-05-23T03:46:58.858Z,38.1368,-117.9524,7.9,3.3,ml,26,46.92,0.006,0.2188,nn,nn00731765,2020-08-08T18:17:52.040Z,"31 km SSE of Mina, Nevada",earthquake,,0.6,0.41,12,reviewed,nn,nn
2020-05-23T09:19:17.810Z,38.1361,-118.0087,7.8,3.6,ml,27,43.02,0.039,0.1212,nn,nn00731990,2020-08-08T18:17:52.040Z,"29 km SSE of Mina, Nevada",earthquake,,0.7,0.46,6,reviewed,nn,nn
2020-05-23T13:07:08.774Z,38.1473,-117.9914,9.3,3.5,ml,22,42.4,0.027,0.093,nn,nn00732164,2020-08-08T18:17:53.040Z,"28 km SSE of Mina, Nevada",earthquake,,0.6,0.3,2,reviewed,nn,nn
2020-05-23T14:15:46.472Z,38.3816,-117.8805,6.7,3.1,ml,18,51.17,0.187,0.0757,nn,nn00732194,2020-08-08T18:17:53.040Z,"19 km E of Mina, Nevada",earthquake,,3.7,0,1,reviewed,nn,nn
2020-05-23T18:53:49.367Z,38.1652,-117.8415,7.2,3,ml,27,49.96,0.024,0.1361,nn,nn00732354,2020-08-08T18:17:53.040Z,"34 km SE of Mina, Nevada",earthquake,,0.6,0.15,7,reviewed,nn,nn
2020-05-24T05:53:30.262Z,38.1574,-117.9604,3,3.1,ml,33,44.32,0.018,0.1826,nn,nn00732809,2020-08-08T18:17:54.040Z,"28 km SSE of Mina, Nevada",earthquake,,0.7,0.39,15,reviewed,nn,nn
2020-05-24T05:58:29.479Z,38.1565,-117.9608,3.5,3.1,ml,31,44.29,0.018,0.1579,nn,nn00732813,2020-08-08T18:17:54.040Z,"29 km SSE of Mina, Nevada",earthquake,,0.5,0.47,11,reviewed,nn,nn
2020-05-24T09:57:52.260Z,38.138,-117.9779,9.7,3.9,ml,20,43.34,0.015,0.1458,nn,nn00733035,2020-08-08T18:17:55.040Z,"30 km SSE of Mina, Nevada",earthquake,,0.7,0.57,11,reviewed,nn,nn
2020-05-24T11:30:37.120Z,35.871,-117.7166667,7.02,3.53,ml,65,22,0.0736,0.2,ci,ci39214127,2020-08-08T18:17:55.040Z,"19km ESE of Little Lake, CA",earthquake,0.13,0.35,0.126,297,reviewed,ci,ci
2020-05-24T12:55:09.240Z,35.8708333,-117.7163333,7.11,3.78,mw,67,22,0.0736,0.19,ci,ci39214247,2020-08-08T18:17:55.040Z,"19km ESE of Little Lake, CA",earthquake,0.13,0.43,,6,reviewed,ci,ci
2020-05-24T14:43:21.606Z,38.2141,-117.7131,8.53,3.2,ml,,51,0.135,0.41,us,us70009php,2022-02-03T19:38:45.143Z,"39 km ESE of Mina, Nevada",earthquake,1.8,8.2,0.033,124,reviewed,us,us
2020-05-24T15:02:54.032Z,38.1744,-117.8794,5.9,3.3,ml,22,54.42,0.014,0.1446,nn,nn00733258,2020-08-08T18:17:55.040Z,"31 km SE of Mina, Nevada",earthquake,,0.8,0.27,3,reviewed,nn,nn
2020-05-24T22:32:00.756Z,38.1846,-117.8843,7.2,3.6,ml,25,49.22,0.025,0.1567,nn,nn00733527,2020-08-08T18:17:56.040Z,"30 km SE of Mina, Nevada",earthquake,,0.7,0.26,8,reviewed,nn,nn
2020-05-25T00:41:26.711Z,38.1935,-117.7384,8.2,3.5,ml,29,48.83,0.109,0.1262,nn,nn00733594,2020-08-08T18:17:57.040Z,"39 km SE of Mina, Nevada",earthquake,,1.3,0.31,9,reviewed,nn,nn
2020-05-25T02:54:52.566Z,38.1475,-117.9845,11.4,3,ml,31,42.59,0.022,0.1332,nn,nn00733691,2020-08-08T18:17:57.040Z,"29 km SSE of Mina, Nevada",earthquake,,0.6,0.2,13,reviewed,nn,nn
2020-05-25T02:55:49.945Z,38.1442,-117.9892,12.4,3.8,ml,26,42.43,0.024,0.1548,nn,nn00733694,2022-08-08T22:54:12.936Z,"29 km SSE of Mina, Nevada",earthquake,,0.7,0.22,7,reviewed,nn,nn
2020-05-25T03:01:08.611Z,38.1468,-117.9837,12.2,3.1,ml,29,53.41,0.021,0.1393,nn,nn00733701,2020-08-08T18:17:57.040Z,"29 km SSE of Mina, Nevada",earthquake,,0.5,0.23,10,reviewed,nn,nn
2020-05-25T04:03:16.391Z,38.1515,-117.9804,11.7,3.4,ml,34,42.63,0.021,0.1672,nn,nn00733754,2020-08-08T18:17:57.040Z,"28 km SSE of Mina, Nevada",earthquake,,0.5,0.29,13,reviewed,nn,nn
2020-05-25T04:32:20.823Z,38.1533,-117.964,9.4,3.1,ml,34,44.15,0.015,0.1204,nn,nn00733773,2020-08-08T18:17:57.040Z,"29 km SSE of Mina, Nevada",earthquake,,0.5,0.37,12,reviewed,nn,nn
2020-05-25T04:44:25.019Z,38.1481,-118.0047,3.3,3.4,ml,26,42.63,0.037,0.0989,nn,nn00733785,2020-08-08T18:17:57.040Z,"28 km SSE of Mina, Nevada",earthquake,,0.7,0.53,6,reviewed,nn,nn
2020-05-25T13:34:28.907Z,38.1595,-117.8607,4.7,3.2,ml,31,47.89,0.009,0.1606,nn,nn00734239,2020-08-08T18:17:58.040Z,"33 km SE of Mina, Nevada",earthquake,,0.5,0.29,13,reviewed,nn,nn
2020-05-25T15:27:23.760Z,36.8243333,-121.2883333,8.91,3.06,ml,87,61,0.07842,0.13,nc,nc73395891,2020-08-08T18:17:58.040Z,"5km NE of Tres Pinos, CA",earthquake,0.14,0.3,0.141,63,reviewed,nc,nc
2020-05-25T15:34:52.811Z,38.1276,-118.0711,3,3.3,ml,32,44.02,0.036,0.164,nn,nn00734320,2020-08-08T18:17:58.040Z,"29 km S of Mina, Nevada",earthquake,,0.8,0.26,13,reviewed,nn,nn
2020-05-25T21:40:52.279Z,38.1705,-117.8548,6.4,3.5,ml,19,83.66,0.016,0.1656,nn,nn00734638,2020-08-08T18:17:59.040Z,"33 km SE of Mina, Nevada",earthquake,,0.9,0.5,4,reviewed,nn,nn
2020-05-25T22:52:29.943Z,38.1852,-117.7447,9.5,3.2,ml,29,47.53,0.042,0.1511,nn,nn00734692,2020-08-08T18:17:59.040Z,"39 km SE of Mina, Nevada",earthquake,,0.7,0.38,11,reviewed,nn,nn
2020-05-26T00:47:52.096Z,38.1987,-117.7274,7.9,3,ml,28,48.99,0.032,0.1354,nn,nn00734769,2020-08-08T18:18:00.040Z,"39 km ESE of Mina, Nevada",earthquake,,0.8,0.27,10,reviewed,nn,nn
2020-05-26T06:40:46.557Z,38.1392,-118.0831,5.1,3.2,ml,30,43.48,0.032,0.1587,nn,nn00735067,2022-08-08T22:54:46.947Z,"27 km S of Mina, Nevada",earthquake,,1.2,0.27,8,reviewed,nn,nn
2020-05-26T09:30:42.023Z,38.1212,-117.9636,9.6,3.3,ml,30,42.48,0.018,0.1356,nn,nn00735203,2020-08-08T18:18:01.040Z,"32 km SSE of Mina, Nevada",earthquake,,0.6,0.29,8,reviewed,nn,nn
2020-05-26T16:31:53.595Z,38.1608,-117.8783,6.6,3.1,ml,31,46.64,0.006,0.1319,nn,nn00735530,2020-08-08T18:17:32.040Z,"32 km SE of Mina, Nevada",earthquake,,0.5,0.34,13,reviewed,nn,nn
2020-05-26T19:53:46.400Z,32.7123333,-115.7691667,10.2,3.59,ml,61,43,0.05631,0.3,ci,ci39218391,2020-08-24T08:29:02.873Z,"21km E of Ocotillo, CA",earthquake,0.29,0.49,0.158,105,reviewed,ci,ci
2020-05-26T22:14:30.301Z,38.1707,-117.8186,7.9,3.6,ml,34,48.77,0.042,0.1737,nn,nn00735741,2020-08-08T18:17:33.040Z,"35 km SE of Mina, Nevada",earthquake,,0.7,0.27,12,reviewed,nn,nn
2020-05-27T00:57:02.389Z,38.1394,-118.0492,2.2,3.8,ml,32,43.31,0.021,0.1707,nn,nn00735859,2021-08-31T23:54:55.215Z,"28 km S of Mina, Nevada",earthquake,,0.6,0.35,14,reviewed,nn,nn
2020-05-27T03:16:09.938Z,38.1696,-117.8445,9.1,3.4,ml,34,47.74,0.023,0.265,nn,nn00735933,2020-08-15T20:19:35.040Z,"33 km SE of Mina, Nevada",earthquake,,1,0.21,14,reviewed,nn,nn
2020-05-27T04:52:31.080Z,35.385,-118.9645,15.96,3.66,mw,110,35,0.1213,0.27,ci,ci39218863,2020-08-24T14:27:54.579Z,"6km SE of Oildale, CA",earthquake,0.15,0.67,,4,reviewed,ci,ci
2020-05-27T16:03:23.888Z,38.1752,-117.8019,9.5,4.2,ml,32,51.09,0.056,0.1661,nn,nn00736420,2020-11-13T09:31:48.496Z,"35 km SE of Mina, Nevada",earthquake,,0.7,0.22,9,reviewed,nn,nn
2020-05-27T17:02:01.810Z,36.8876667,-121.6213333,6.8,3.23,ml,86,35,0.0234,0.12,nc,nc73397161,2021-01-17T05:10:50.439Z,"2km E of Aromas, CA",earthquake,0.16,0.33,0.189,92,reviewed,nc,nc
2020-05-27T17:43:11.864Z,38.1669,-117.8483,7.4,3.3,ml,28,49.75,0.019,0.1646,nn,nn00736500,2020-08-15T20:19:38.040Z,"33 km SE of Mina, Nevada",earthquake,,0.6,0.42,10,reviewed,nn,nn
2020-05-27T21:45:03.408Z,38.1351,-118.0696,2.9,3.3,ml,30,56.15,0.029,0.1904,nn,nn00736648,2020-08-15T20:19:39.040Z,"28 km S of Mina, Nevada",earthquake,,0.9,0.4,11,reviewed,nn,nn
2020-05-28T04:18:09.310Z,38.0435,-118.7581667,7.55,3.01,ml,43,75,0.288,0.06,nc,nc73397431,2020-08-15T20:19:41.040Z,"29km SE of Bodie, CA",earthquake,0.23,2.03,0.243,19,reviewed,nc,nc
2020-05-28T04:19:09.920Z,38.0446667,-118.7628333,6.26,3.27,ml,59,74,0.2897,0.09,nc,nc73397436,2020-08-15T20:19:41.040Z,"29km SE of Bodie, CA",earthquake,0.16,1.78,0.203,20,reviewed,nc,nc
2020-05-28T06:28:46.479Z,38.1146,-118.177,6.7,3,ml,31,59.55,0.108,0.1713,nn,nn00736986,2020-08-15T20:19:41.040Z,"31 km S of Mina, Nevada",earthquake,,2.6,0.37,12,reviewed,nn,nn
2020-05-28T08:29:46.174Z,38.1517,-118.026,2.7,3.8,ml,27,42.95,0.022,0.1526,nn,nn00737089,2020-08-15T20:19:42.040Z,"27 km SSE of Mina, Nevada",earthquake,,0.6,0.33,8,reviewed,nn,nn
2020-05-28T12:03:21.515Z,38.2057,-117.7262,8,3.4,ml,30,49.37,0.027,0.1889,nn,nn00737209,2020-08-15T20:19:43.040Z,"39 km ESE of Mina, Nevada",earthquake,,0.9,0.3,12,reviewed,nn,nn
2020-05-28T18:45:35.343Z,38.1837,-117.8445,9,3.2,ml,33,49.07,0.03,0.1558,nn,nn00737490,2020-08-15T20:19:44.040Z,"32 km SE of Mina, Nevada",earthquake,,0.6,0.26,13,reviewed,nn,nn
2020-05-28T19:19:13.100Z,36.6403333,-121.2631667,9.19,3.47,mw,96,55,0.05081,0.14,nc,nc73397916,2020-12-30T08:41:49.096Z,"16km NW of Pinnacles, CA",earthquake,0.12,0.31,,4,reviewed,nc,nc
2020-05-28T20:44:31.810Z,38.1345,-118.0644,3.5,3,ml,29,58.99,0.027,0.1792,nn,nn00737555,2020-08-15T20:19:45.040Z,"28 km S of Mina, Nevada",earthquake,,1.2,0.44,11,reviewed,nn,nn
2020-05-29T06:26:36.186Z,38.2278,-117.8043,8.2,3,ml,28,50.07,0.046,0.1455,nn,nn00737922,2020-08-15T20:19:47.040Z,"32 km SE of Mina, Nevada",earthquake,,0.8,0.31,10,reviewed,nn,nn
2020-05-29T13:25:19.544Z,38.183,-117.7407,8.5,3,ml,26,47.5,0.045,0.1488,nn,nn00738160,2020-08-15T20:19:48.040Z,"39 km SE of Mina, Nevada",earthquake,,1.1,0.43,8,reviewed,nn,nn
2020-05-29T13:25:32.485Z,38.1777,-117.7435,8.7,3.1,ml,19,106.44,0.05,0.1476,nn,nn00738275,2020-08-15T20:19:48.040Z,"39 km SE of Mina, Nevada",earthquake,,1.2,0.45,3,reviewed,nn,nn
2020-05-29T15:03:40.646Z,38.1587,-117.8924,5,3.1,ml,31,46.22,0.016,0.1408,nn,nn00738210,2020-08-15T20:19:48.040Z,"31 km SE of Mina, Nevada",earthquake,,0.6,0.39,11,reviewed,nn,nn
2020-05-29T19:22:22.874Z,38.1516,-118.0105,2.6,3.1,ml,31,42.51,0.034,0.1426,nn,nn00738320,2020-08-15T20:19:49.040Z,"27 km SSE of Mina, Nevada",earthquake,,0.7,0.43,11,reviewed,nn,nn
2020-05-29T19:36:28.330Z,38.153,-118.0114,2.6,3.1,ml,28,42.63,0.033,0.1306,nn,nn00738331,2020-08-15T20:19:49.040Z,"27 km SSE of Mina, Nevada",earthquake,,0.8,0.36,8,reviewed,nn,nn
2020-05-29T20:45:39.482Z,38.1878,-117.7428,9.3,3.9,ml,33,47.6,0.04,0.1404,nn,nn00738359,2021-08-27T21:59:21.598Z,"39 km SE of Mina, Nevada",earthquake,,0.8,0.54,12,reviewed,nn,nn
2020-05-29T23:43:43.155Z,38.1508,-117.9934,8.9,4,ml,24,42.34,0.029,0.1574,nn,nn00738444,2021-04-23T20:14:55.502Z,"28 km SSE of Mina, Nevada",earthquake,,0.8,0.42,12,reviewed,nn,nn
2020-05-30T09:07:32.460Z,38.0446667,-118.75,6.99,3.49,mw,50,50,0.2827,0.05,nc,nc73398981,2020-08-15T20:19:51.040Z,"30km SE of Bodie, CA",earthquake,0.22,1.76,,2,reviewed,nc,nc
2020-05-30T09:22:57.480Z,38.0481667,-118.7496667,8.83,3.61,mw,52,50,0.2799,0.07,nc,nc73399001,2020-08-15T20:19:51.040Z,"29km SE of Bodie, CA",earthquake,0.19,1.18,,4,reviewed,nc,nc
2020-05-30T11:05:24.318Z,38.1286,-118.0871,4.5,3,ml,17,44.03,0.042,0.1697,nn,nn00738821,2020-08-15T20:19:52.040Z,"29 km S of Mina, Nevada",earthquake,,2,0.22,3,reviewed,nn,nn
2020-05-30T15:55:02.403Z,38.1677,-117.8493,4.6,3.7,ml,31,47.57,0.018,0.1979,nn,nn00738979,2020-08-15T20:19:53.040Z,"33 km SE of Mina, Nevada",earthquake,,0.8,0.32,14,reviewed,nn,nn
2020-05-30T16:02:11.737Z,38.1223,-118.0115,2.4,3,ml,26,55.09,0.044,0.1268,nn,nn00738988,2020-08-15T20:19:53.040Z,"30 km SSE of Mina, Nevada",earthquake,,0.7,0.38,11,reviewed,nn,nn
2020-05-31T01:07:15.780Z,38.0448333,-118.7618333,8.11,4.34,mw,60,73,0.289,0.06,nc,nc73399446,2020-08-15T20:19:54.040Z,"29km SE of Bodie, CA",earthquake,0.17,1.16,,3,reviewed,nc,nc
2020-05-31T05:03:15.193Z,38.1468,-118.0655,7.7,3.5,ml,33,43.03,0.017,0.2042,nn,nn00739304,2020-08-15T20:19:55.040Z,"27 km S of Mina, Nevada",earthquake,,0.9,0.21,14,reviewed,nn,nn
2020-05-31T07:45:52.042Z,38.1628,-117.8423,7.7,3.2,ml,17,47.66,0.023,0.1705,nn,nn00739410,2020-08-15T20:19:56.040Z,"34 km SE of Mina, Nevada",earthquake,,0.9,0.22,2,reviewed,nn,nn
2020-05-31T19:25:29.083Z,38.1819,-117.78,4.5,3.6,ml,28,47.15,0.053,0.1299,nn,nn00739873,2020-08-15T20:19:58.040Z,"36 km SE of Mina, Nevada",earthquake,,1.4,0.41,11,reviewed,nn,nn
2020-06-01T00:54:24.675Z,38.1666,-117.8454,7.3,3.6,ml,35,47.65,0.021,0.1796,nn,nn00740047,2021-09-07T18:25:53.575Z,"33 km SE of Mina, Nevada",earthquake,,0.7,0.33,15,reviewed,nn,nn
2020-06-01T00:57:46.354Z,38.1606,-117.8332,8.2,3.1,ml,29,47.83,0.03,0.1959,nn,nn00740054,2020-08-15T20:19:59.040Z,"35 km SE of Mina, Nevada",earthquake,,0.6,0.28,12,reviewed,nn,nn
2020-06-01T09:38:49.134Z,38.1739,-117.8708,8.2,3.5,ml,33,47.09,0.012,0.2181,nn,nn00740380,2020-08-15T20:20:00.040Z,"31 km SE of Mina, Nevada",earthquake,,0.7,0.35,14,reviewed,nn,nn
2020-06-02T00:47:34.149Z,38.1773,-117.8324,9,3,ml,29,48.21,0.034,0.1538,nn,nn00740880,2020-08-15T20:20:02.040Z,"33 km SE of Mina, Nevada",earthquake,,0.7,0.15,11,reviewed,nn,nn
2020-06-02T02:01:27.927Z,38.1219,-118.0874,2.2,3.4,ml,20,57.05,0.047,0.1852,nn,nn00740956,2020-08-15T20:20:03.040Z,"29 km S of Mina, Nevada",earthquake,,1,0.38,6,reviewed,nn,nn
2020-06-02T08:36:23.168Z,38.147,-118.0048,3.6,3,ml,30,42.68,0.037,0.1021,nn,nn00741206,2020-08-15T20:20:04.040Z,"28 km SSE of Mina, Nevada",earthquake,,0.8,0.41,11,reviewed,nn,nn
2020-06-02T13:07:48.307Z,38.1485,-118.0065,7.7,3,ml,28,42.62,0.038,0.1317,nn,nn00741338,2020-08-15T20:20:05.040Z,"28 km SSE of Mina, Nevada",earthquake,,0.7,0.28,9,reviewed,nn,nn
2020-06-03T04:36:23.390Z,35.2301667,-117.1843333,1.47,3.9,mw,113,43,0.185,0.16,ci,ci39227895,2021-04-22T16:26:28.113Z,"40km NNW of Barstow, CA",earthquake,0.1,0.36,,6,reviewed,ci,ci
2020-06-03T15:33:36.840Z,36.1446667,-117.9841667,2.03,3.11,ml,59,64,0.1081,0.18,ci,ci39228631,2020-08-18T17:58:45.040Z,"12km NNW of Coso Junction, CA",earthquake,0.14,0.37,0.16,213,reviewed,ci,ci
2020-06-03T17:28:58.668Z,38.1736,-117.8933,11.8,3.1,ml,31,48.66,0.021,0.1551,nn,nn00742121,2020-08-18T17:58:46.040Z,"30 km SE of Mina, Nevada",earthquake,,0.5,0.32,10,reviewed,nn,nn
2020-06-03T23:13:45.070Z,36.1468333,-117.9826667,1.81,3.44,ml,61,64,0.1075,0.18,ci,ci39462368,2020-08-18T17:58:47.040Z,"12km NNW of Coso Junction, CA",earthquake,0.14,0.37,0.15,274,reviewed,ci,ci
2020-06-04T00:49:05.739Z,38.1352,-118.0282,7.9,3.6,ml,32,43.39,0.031,0.16,nn,nn00742312,2020-08-18T17:58:47.040Z,"29 km SSE of Mina, Nevada",earthquake,,0.8,0.34,10,reviewed,nn,nn
2020-06-04T01:32:11.140Z,35.6148333,-117.4281667,8.44,5.51,mw,85,45,0.0396,0.21,ci,ci39462536,2025-12-22T18:35:26.599Z,"17km S of Searles Valley, CA",earthquake,0.15,0.45,,6,reviewed,ci,ci
2020-06-04T01:52:45.900Z,35.6245,-117.4243333,10.06,3.28,ml,43,70,0.04889,0.14,ci,ci39462672,2020-08-18T17:58:48.040Z,"16km S of Searles Valley, CA",earthquake,0.14,0.31,0.154,127,reviewed,ci,ci
2020-06-04T02:04:00.090Z,35.625,-117.4205,9.61,3.01,ml,44,70,0.1098,0.16,ci,ci39462744,2020-08-18T17:58:48.040Z,"16km S of Searles Valley, CA",earthquake,0.16,0.43,0.155,122,reviewed,ci,ci
2020-06-04T02:07:26.600Z,35.6068333,-117.4098333,8.21,3.22,ml,47,71,0.04725,0.14,ci,ci39462768,2020-08-18T17:58:48.040Z,"18km S of Trona, CA",earthquake,0.14,0.44,0.143,129,reviewed,ci,ci
2020-06-04T02:27:54.610Z,36.1498333,-117.9796667,2.01,4.16,mw,40,70,0.106,0.17,ci,ci39462920,2020-08-18T17:58:48.040Z,"12km NNW of Coso Junction, CA",earthquake,0.17,0.5,,6,reviewed,ci,ci
2020-06-04T02:43:57.790Z,35.6216667,-117.4118333,9.29,3.26,ml,45,70,0.054,0.14,ci,ci39463040,2020-08-18T17:58:48.040Z,"16km S of Trona, CA",earthquake,0.13,0.34,0.15,122,reviewed,ci,ci
2020-06-04T03:47:35.700Z,35.6313333,-117.421,8.75,3.1,ml,56,45,0.1157,0.18,ci,ci39463336,2020-08-18T17:58:48.040Z,"15km S of Searles Valley, CA",earthquake,0.17,0.52,0.146,169,reviewed,ci,ci
2020-06-04T04:37:46.510Z,35.6061667,-117.4083333,6.34,3.54,ml,43,71,0.08856,0.14,ci,ci39463528,2020-08-18T17:58:48.040Z,"18km S of Trona, CA",earthquake,0.14,0.53,0.164,132,reviewed,ci,ci
2020-06-04T10:27:28.650Z,35.6458333,-117.4233333,6.01,3.64,ml,49,69,0.06714,0.16,ci,ci39464360,2020-08-18T17:58:50.040Z,"14km S of Searles Valley, CA",earthquake,0.14,0.48,0.143,175,reviewed,ci,ci
2020-06-04T17:56:04.839Z,38.1791,-117.9666,3.5,3.2,ml,23,104.58,0.025,0.1149,nn,nn00742924,2020-08-18T17:58:51.040Z,"26 km SSE of Mina, Nevada",earthquake,,0.8,0.11,7,reviewed,nn,nn
2020-06-05T16:39:07.227Z,38.1774,-117.7625,3.3,3.5,ml,26,47.2,0.052,0.1196,nn,nn00743528,2020-08-18T17:58:53.040Z,"38 km SE of Mina, Nevada",earthquake,,0.9,0.32,7,reviewed,nn,nn
2020-06-05T17:48:03.862Z,38.1255,-118.0951,2.3,3.3,ml,33,44.23,0.048,0.1698,nn,nn00743563,2020-08-18T17:58:54.040Z,"29 km S of Mina, Nevada",earthquake,,0.9,0.25,10,reviewed,nn,nn
2020-06-05T23:09:19.630Z,36.9438333,-121.671,6.53,3.16,ml,100,50,0.01484,0.15,nc,nc73403421,2021-06-11T14:49:02.336Z,"6km E of Interlaken, CA",earthquake,0.15,0.31,0.139,72,reviewed,nc,nc
2020-06-06T02:28:14.899Z,38.1678,-117.8007,8.9,4.1,ml,22,47.81,0.056,0.1673,nn,nn00743758,2021-02-18T23:10:26.911Z,"36 km SE of Mina, Nevada",earthquake,,0.8,0.1,8,reviewed,nn,nn
2020-06-06T05:41:19.645Z,38.1505,-117.9731,10.2,3.5,ml,32,43.85,0.016,0.141,nn,nn00743844,2020-08-18T17:58:56.040Z,"29 km SSE of Mina, Nevada",earthquake,,0.5,0.4,11,reviewed,nn,nn
2020-06-06T10:13:04.385Z,38.1747,-117.7984,10.1,3.8,ml,31,45.76,0.059,0.1652,nn,nn00743974,2021-08-30T18:59:11.069Z,"36 km SE of Mina, Nevada",earthquake,,0.5,0.22,13,reviewed,nn,nn
2020-06-07T01:47:07.530Z,38.1485,-117.9773,12.9,3.2,ml,29,45.05,0.017,0.2126,nn,nn00744304,2020-08-18T17:59:00.040Z,"29 km SSE of Mina, Nevada",earthquake,,0.7,0.37,11,reviewed,nn,nn
2020-06-07T01:50:59.320Z,33.1616667,-116.0031667,7.09,3.26,ml,92,35,0.119,0.21,ci,ci39468576,2020-08-18T17:59:00.040Z,"12km E of Ocotillo Wells, CA",earthquake,0.13,0.64,0.126,241,reviewed,ci,ci
2020-06-07T03:42:04.120Z,36.1478333,-117.9843333,2.73,3.49,mw,58,60,0.1091,0.17,ci,ci39468648,2020-08-18T17:59:01.040Z,"12km NNW of Coso Junction, CA",earthquake,0.11,0.48,,4,reviewed,ci,ci
2020-06-07T08:56:17.368Z,41.2028,-115.9676,11.1,3.8,ml,13,115.26,0.347,0.1623,nn,nn00744542,2020-08-18T17:59:01.040Z,"39 km NW of Osino, Nevada",earthquake,,1,0.23,9,reviewed,nn,nn
2020-06-07T09:23:25.517Z,38.1245,-118.0214,7.9,3.5,ml,32,43.58,0.043,0.1344,nn,nn00744554,2020-08-18T17:59:01.040Z,"30 km SSE of Mina, Nevada",earthquake,,0.8,0.34,12,reviewed,nn,nn
2020-06-07T13:13:24.570Z,38.0381667,-118.7708333,6.77,3.4,ml,53,45,0.2987,0.07,nc,nc73404456,2020-08-18T17:59:02.040Z,"29km SE of Bodie, CA",earthquake,0.2,1.47,0.177,60,reviewed,nc,nc
2020-06-07T20:18:56.176Z,38.1568,-117.8885,3.4,3.2,ml,29,47.83,0.013,0.1291,nn,nn00744819,2020-08-18T17:59:03.040Z,"32 km SE of Mina, Nevada",earthquake,,0.5,0.29,9,reviewed,nn,nn
2020-06-08T03:24:05.884Z,38.2059,-117.7912,5.2,4.8,ml,32,32.66,0.041,0.174,nn,nn00744961,2020-08-18T17:59:04.040Z,"34 km SE of Mina, Nevada",earthquake,,1.1,0.46,9,reviewed,nn,nn
2020-06-08T04:15:05.770Z,35.6376667,-117.4175,3.64,4.29,mw,46,70,0.1205,0.17,ci,ci39469848,2020-08-18T17:59:04.040Z,"14km S of Searles Valley, CA",earthquake,0.15,0.51,,6,reviewed,ci,ci
2020-06-08T08:22:49.986Z,38.1463,-117.9781,10.8,3.6,ml,30,43.65,0.016,0.1298,nn,nn00745076,2020-08-18T17:59:05.040Z,"29 km SSE of Mina, Nevada",earthquake,,0.6,0.17,10,reviewed,nn,nn
2020-06-09T13:38:54.522Z,38.1775,-117.7726,11.5,4.2,ml,31,47.11,0.054,0.1548,nn,nn00745837,2021-02-12T00:24:22.342Z,"37 km SE of Mina, Nevada",earthquake,,0.6,0.29,10,reviewed,nn,nn
2020-06-09T22:40:13.916Z,38.1821,-117.8888,5.3,3.4,ml,31,38.71,0.024,0.166,nn,nn00746090,2020-08-18T17:59:11.040Z,"30 km SE of Mina, Nevada",earthquake,,0.7,0.46,10,reviewed,nn,nn
2020-06-10T04:34:49.628Z,38.201,-117.7553,8.3,3.2,ml,35,47.8,0.028,0.1659,nn,nn00746288,2020-08-22T19:14:41.040Z,"37 km SE of Mina, Nevada",earthquake,,0.7,0.33,12,reviewed,nn,nn
2020-06-10T13:25:46.400Z,36.728,-121.3758333,2.26,3.27,mw,72,59,0.06768,0.13,nc,nc73406336,2020-08-22T19:14:42.040Z,"8km SW of Tres Pinos, CA",earthquake,0.14,0.61,,4,reviewed,nc,nc
2020-06-10T22:09:05.752Z,38.1803,-117.8721,10.4,3.1,ml,33,47.19,0.018,0.148,nn,nn00746699,2020-08-22T19:14:42.040Z,"31 km SE of Mina, Nevada",earthquake,,0.5,0.29,12,reviewed,nn,nn
2020-06-10T23:03:18.268Z,38.172,-117.8878,7.6,3.4,ml,32,46.59,0.017,0.1381,nn,nn00746728,2020-08-22T19:14:42.040Z,"31 km SE of Mina, Nevada",earthquake,,0.5,0.47,12,reviewed,nn,nn
2020-06-11T00:04:12.050Z,38.1527,-117.9521,8.8,3.4,ml,28,44.47,0.015,0.1668,nn,nn00746745,2020-08-22T19:14:43.040Z,"29 km SSE of Mina, Nevada",earthquake,,0.6,0.32,9,reviewed,nn,nn
2020-06-11T04:14:12.590Z,35.8353333,-117.6818333,7.81,3.62,ml,64,23,0.07126,0.16,ci,ci39473968,2020-08-22T19:14:43.040Z,"23km ESE of Little Lake, CA",earthquake,0.11,0.34,0.192,268,reviewed,ci,ci
2020-06-11T06:06:38.026Z,38.1613,-117.8989,7.9,3.2,ml,30,46.09,0.022,0.1136,nn,nn00746898,2020-08-22T19:14:43.040Z,"31 km SE of Mina, Nevada",earthquake,,0.5,0.21,10,reviewed,nn,nn
2020-06-11T08:22:53.440Z,38.1771,-117.7979,5.1,3.3,ml,28,48.47,0.06,0.0825,nn,nn00747151,2020-08-22T19:14:45.040Z,"36 km SE of Mina, Nevada",earthquake,,1.2,0.49,9,reviewed,nn,nn
2020-06-11T08:22:57.067Z,38.1727,-117.796,4.7,3.3,ml,20,82.74,0.06,0.1305,nn,nn00746961,2020-08-22T19:14:44.040Z,"36 km SE of Mina, Nevada",earthquake,,2.1,0.49,4,reviewed,nn,nn
2020-06-11T17:08:39.791Z,38.158,-117.9653,2.1,3.3,ml,30,44.18,0.02,0.1113,nn,nn00747164,2020-08-22T19:14:45.040Z,"28 km SSE of Mina, Nevada",earthquake,,0.6,0.54,11,reviewed,nn,nn
2020-06-12T04:21:26.183Z,38.1253,-118.0267,8.2,3.1,ml,30,43.86,0.04,0.1395,nn,nn00747331,2020-08-22T19:14:46.040Z,"30 km SSE of Mina, Nevada",earthquake,,0.9,0.35,10,reviewed,nn,nn
2020-06-13T05:57:11.827Z,38.1922,-117.7352,9,3.4,ml,26,50.19,0.037,0.1327,nn,nn00747748,2020-08-22T19:14:48.040Z,"39 km SE of Mina, Nevada",earthquake,,0.7,0.45,8,reviewed,nn,nn
2020-06-13T06:45:06.930Z,35.9026667,-117.705,2.66,3.14,ml,40,31,0.06327,0.16,ci,ci39477608,2020-08-22T19:14:48.040Z,"19km ESE of Little Lake, CA",earthquake,0.13,0.31,0.152,242,reviewed,ci,ci
2020-06-13T11:33:19.821Z,38.0843,-118.2335,7.1,3.6,ml,32,46.67,0.162,0.1343,nn,nn00747897,2020-08-22T19:14:49.040Z,"35 km SSW of Mina, Nevada",earthquake,,3,0.4,11,reviewed,nn,nn
2020-06-13T11:48:26.708Z,38.0849,-118.2321,6,3,ml,29,46.63,0.16,0.1529,nn,nn00747912,2020-08-22T19:14:49.040Z,"35 km SSW of Mina, Nevada",earthquake,,4.3,0.33,10,reviewed,nn,nn
2020-06-13T11:59:13.193Z,38.0799,-118.2332,6.6,3,ml,19,46.95,0.164,0.1305,nn,nn00747919,2020-08-22T19:14:49.040Z,"35 km NE of Benton, California",earthquake,,4.3,0.31,9,reviewed,nn,nn
2020-06-13T13:03:02.579Z,38.1453,-117.8866,9.9,3.1,ml,31,44.36,0.017,0.1252,nn,nn00747938,2020-08-22T19:14:49.040Z,"33 km SE of Mina, Nevada",earthquake,,0.6,0.33,10,reviewed,nn,nn
2020-06-15T00:27:56.985Z,38.1496,-117.9597,9,3.2,ml,32,44.21,0.053,0.2339,nn,nn00748633,2020-08-22T19:14:52.040Z,"29 km SSE of Mina, Nevada",earthquake,,0.9,0.37,15,reviewed,nn,nn
2020-06-15T01:32:35.662Z,38.1434,-117.9788,12,3,ml,31,46.8,0.056,0.1975,nn,nn00748659,2020-08-22T19:14:52.040Z,"29 km SSE of Mina, Nevada",earthquake,,0.7,0.4,15,reviewed,nn,nn
2020-06-15T09:12:36.718Z,38.1249,-118.0544,2.7,3.5,ml,33,44.06,0.035,0.155,nn,nn00748811,2020-08-22T19:14:53.040Z,"29 km S of Mina, Nevada",earthquake,,1,0.45,11,reviewed,nn,nn
2020-06-15T19:37:53.220Z,38.1842,-117.8955,11.6,3,ml,25,49.2,0.029,0.1374,nn,nn00749012,2020-08-22T19:14:54.040Z,"29 km SE of Mina, Nevada",earthquake,,0.6,0.27,7,reviewed,nn,nn
2020-06-16T05:58:22.780Z,36.0433333,-117.8073333,1.34,3.8,mw,42,49,0.0386,0.17,ci,ci39481424,2020-08-22T19:14:55.040Z,"13km E of Coso Junction, CA",earthquake,0.14,0.22,,6,reviewed,ci,ci
2020-06-17T17:35:02.600Z,37.414,-121.7625,8.23,3.36,mw,183,30,0.04136,0.09,nc,nc73410846,2021-04-25T05:10:39.072Z,"8km NE of Alum Rock, CA",earthquake,0.08,0.21,,3,reviewed,nc,nc
2020-06-18T00:35:11.810Z,34.5803333,-119.3893333,0.59,3.18,ml,62,42,0.1177,0.26,ci,ci39483592,2022-02-11T01:15:51.132Z,"20km NW of Ojai, CA",earthquake,0.17,0.45,0.14,277,reviewed,ci,ci
2020-06-18T03:44:59.331Z,38.1751,-117.8383,9.7,3.3,ml,33,48.01,0.029,0.1514,nn,nn00749736,2020-08-30T00:00:43.040Z,"33 km SE of Mina, Nevada",earthquake,,0.6,0.25,15,reviewed,nn,nn
2020-06-19T10:26:43.704Z,38.1716,-117.8182,11.3,4.3,ml,32,38.23,0.043,0.2135,nn,nn00750130,2020-08-30T00:00:50.040Z,"35 km SE of Mina, Nevada",earthquake,,0.7,0.3,12,reviewed,nn,nn
2020-06-19T10:43:38.768Z,38.1696,-117.8094,11,3.3,ml,33,48.15,0.049,0.1988,nn,nn00750141,2020-08-30T00:00:50.040Z,"35 km SE of Mina, Nevada",earthquake,,0.6,0.37,15,reviewed,nn,nn
2020-06-19T16:07:08.661Z,38.1442,-117.9925,7.7,3,ml,31,42.72,0.027,0.1321,nn,nn00750239,2020-08-30T00:00:51.040Z,"29 km SSE of Mina, Nevada",earthquake,,0.6,0.32,15,reviewed,nn,nn
2020-06-19T20:42:21.454Z,38.1698,-117.8345,6.5,4.9,ml,21,50.72,0.03,0.1765,nn,nn00750312,2020-08-30T00:00:52.040Z,"34 km SE of Mina, Nevada",earthquake,,0.9,0.22,13,reviewed,nn,nn
2020-06-19T23:25:07.381Z,38.1733,-117.8125,9.7,4,ml,32,48.36,0.048,0.1486,nn,nn00750384,2021-04-23T20:10:31.420Z,"35 km SE of Mina, Nevada",earthquake,,0.7,0.35,15,reviewed,nn,nn
2020-06-20T03:49:55.963Z,38.1748,-117.8174,10.1,4.2,ml,33,37.8,0.044,0.1492,nn,nn00750512,2020-08-30T00:00:54.040Z,"34 km SE of Mina, Nevada",earthquake,,0.5,0.4,15,reviewed,nn,nn
2020-06-20T03:55:27.590Z,38.176,-117.8151,10,3.2,ml,33,48.52,0.047,0.1527,nn,nn00750521,2020-08-30T00:00:54.040Z,"35 km SE of Mina, Nevada",earthquake,,0.5,0.23,15,reviewed,nn,nn
2020-06-20T11:24:27.447Z,38.1778,-117.7965,5.6,4.1,ml,32,48.49,0.061,0.1526,nn,nn00750711,2021-02-16T19:51:32.990Z,"36 km SE of Mina, Nevada",earthquake,,1.2,0.26,15,reviewed,nn,nn
2020-06-20T12:28:41.719Z,38.1743,-117.7979,6.3,3.3,ml,30,48.32,0.059,0.1277,nn,nn00750760,2020-08-30T00:00:55.040Z,"36 km SE of Mina, Nevada",earthquake,,0.7,0.21,13,reviewed,nn,nn
2020-06-20T16:38:28.851Z,38.1467,-117.9689,11.2,3.2,ml,29,43.91,0.011,0.182,nn,nn00750879,2020-08-30T00:00:56.040Z,"29 km SSE of Mina, Nevada",earthquake,,0.6,0.47,14,reviewed,nn,nn
2020-06-21T02:01:21.674Z,38.174,-117.8862,4.6,3.5,ml,33,46.67,0.017,0.2229,nn,nn00751071,2020-08-30T00:00:58.040Z,"30 km SE of Mina, Nevada",earthquake,,0.8,0.48,14,reviewed,nn,nn
2020-06-21T02:59:57.081Z,38.174,-117.8824,5.9,3.3,ml,29,46.77,0.015,0.1075,nn,nn00751099,2020-08-30T00:00:58.040Z,"31 km SE of Mina, Nevada",earthquake,,0.5,0.42,13,reviewed,nn,nn
2020-06-21T09:11:21.980Z,34.2543333,-116.4298333,2.17,3,ml,89,48,0.0539,0.16,ci,ci39488496,2021-08-13T20:12:07.580Z,"16km N of Yucca Valley, CA",earthquake,0.12,0.29,0.136,261,reviewed,ci,ci
2020-06-21T14:37:38.298Z,38.1868,-117.7408,10.1,3.1,ml,34,47.59,0.041,0.2238,nn,nn00751340,2020-08-30T00:00:59.040Z,"39 km SE of Mina, Nevada",earthquake,,0.8,0.39,15,reviewed,nn,nn
2020-06-22T04:04:28.060Z,38.1293,-118.0395,6.2,3,ml,32,43.74,0.032,0.1162,nn,nn00751597,2020-08-30T00:01:01.040Z,"29 km SSE of Mina, Nevada",earthquake,,0.8,0.5,15,reviewed,nn,nn
2020-06-22T06:56:02.283Z,38.1755,-117.8384,7.5,3,ml,32,48.61,0.029,0.1538,nn,nn00751671,2020-08-30T00:01:02.040Z,"33 km SE of Mina, Nevada",earthquake,,0.6,0.36,15,reviewed,nn,nn
2020-06-22T09:18:58.193Z,38.1942,-117.8852,8.1,3.6,ml,31,49.72,0.034,0.2162,nn,nn00751726,2020-08-30T00:01:02.040Z,"29 km SE of Mina, Nevada",earthquake,,0.8,0.36,15,reviewed,nn,nn
2020-06-22T19:30:37.937Z,38.1549,-117.9513,9.1,3.3,ml,32,47.76,0.017,0.1072,nn,nn00751902,2020-08-30T00:01:04.040Z,"29 km SSE of Mina, Nevada",earthquake,,0.6,0.37,15,reviewed,nn,nn
2020-06-23T00:25:46.390Z,36.4466667,-117.984,2.26,4.65,mw,51,74,0.07783,0.22,ci,ci39490952,2021-02-13T00:11:34.391Z,"17km SSE of Lone Pine, CA",earthquake,0.19,0.83,,6,reviewed,ci,ci
2020-06-23T00:26:46.470Z,36.4545,-117.99,7.4,3.26,ml,11,80,0.07415,0.11,ci,ci37447541,2020-08-30T00:01:06.040Z,"16km SSE of Lone Pine, CA",earthquake,0.21,0.58,0.061,2,reviewed,ci,ci
2020-06-23T00:30:52.730Z,36.4503333,-117.9776667,3.77,3.82,mw,53,69,0.0833,0.18,ci,ci39490968,2020-08-30T00:01:05.040Z,"17km SSE of Lone Pine, CA",earthquake,0.15,0.49,,4,reviewed,ci,ci
2020-06-23T02:51:58.480Z,36.4465,-117.983,4.35,3.79,mw,49,67,0.07862,0.18,ci,ci39491208,2020-08-30T00:01:06.040Z,"17km SSE of Lone Pine, CA",earthquake,0.16,0.63,,6,reviewed,ci,ci
2020-06-23T02:52:06.440Z,36.445,-117.9833333,0.19,3.66,ml,6,108,0.07824,0.11,ci,ci37447621,2020-08-30T00:01:08.040Z,"18km SSE of Lone Pine, CA",earthquake,0.45,0.8,0.043,3,reviewed,ci,ci
2020-06-23T04:46:33.380Z,38.0665,-118.7413333,6.88,3.31,ml,51,76,0.2623,0.06,nc,nc73414356,2020-08-30T00:01:06.040Z,"29km SE of Bodie, CA",earthquake,0.2,1.6,0.182,54,reviewed,nc,nc
2020-06-23T06:48:10.430Z,36.4585,-117.9808333,5.03,3.15,ml,42,79,0.08221,0.19,ci,ci39491464,2021-02-19T19:22:01.689Z,"16km SSE of Lone Pine, CA",earthquake,0.18,0.64,0.124,77,reviewed,ci,ci
2020-06-23T15:47:55.235Z,38.1302,-118.0185,6.2,3,ml,26,55.25,0.04,0.1229,nn,nn00752366,2020-08-30T00:01:09.040Z,"29 km SSE of Mina, Nevada",earthquake,,0.8,0.97,11,reviewed,nn,nn
2020-06-24T17:40:49.240Z,36.4468333,-117.9751667,4.66,5.8,mw,48,67,0.08494,0.19,ci,ci39493944,2025-12-22T17:57:54.818Z,"18km SSE of Lone Pine, CA",earthquake,0.18,0.66,,6,reviewed,ci,ci
2020-06-24T17:45:00.530Z,36.4568333,-117.9385,10.88,3.49,ml,45,62,0.1155,0.19,ci,ci39493968,2020-09-05T17:35:16.040Z,"19km SE of Lone Pine, CA",earthquake,0.19,0.53,0.124,22,reviewed,ci,ci
2020-06-24T17:59:19.960Z,36.456,-117.9311667,9.62,4.59,mw,44,62,0.1212,0.19,ci,ci39494008,2020-09-05T17:35:16.040Z,"19km SE of Lone Pine, CA",earthquake,0.2,0.44,,6,reviewed,ci,ci
2020-06-24T18:14:18.060Z,36.439,-117.9518333,7.33,3.06,ml,48,61,0.1035,0.18,ci,ci39494088,2020-09-05T17:35:16.040Z,"18km NNE of Olancha, CA",earthquake,0.16,0.48,0.165,28,reviewed,ci,ci
2020-06-24T18:20:38.300Z,36.4806667,-117.9681667,10.23,3.77,ml,43,82,0.09904,0.19,ci,ci39494120,2020-09-05T17:35:16.040Z,"15km SE of Lone Pine, CA",earthquake,0.21,0.41,0.158,98,reviewed,ci,ci
2020-06-24T18:25:39.550Z,36.4845,-117.9735,9.45,3.25,ml,41,82,0.09683,0.21,ci,ci39494128,2020-09-05T17:35:16.040Z,"14km SE of Lone Pine, CA",earthquake,0.23,0.44,0.177,89,reviewed,ci,ci
2020-06-24T19:02:17.850Z,36.4375,-117.933,8.32,3.3,ml,36,56,0.1187,0.19,ci,ci39494264,2020-09-05T17:35:16.040Z,"18km NNE of Olancha, CA",earthquake,0.22,0.53,0.205,213,reviewed,ci,ci
2020-06-24T21:12:48.730Z,36.4795,-117.9716667,6.86,3.73,ml,56,51,0.09599,0.22,ci,ci39494672,2020-09-05T17:35:17.040Z,"15km SE of Lone Pine, CA",earthquake,0.19,0.59,0.112,269,reviewed,ci,ci
2020-06-24T21:43:52.481Z,38.1909,-117.7625,7.4,3,ml,20,47.5,0.039,0.1403,nn,nn00752967,2020-09-05T17:35:17.040Z,"37 km SE of Mina, Nevada",earthquake,,0.9,0.42,14,reviewed,nn,nn
2020-06-25T00:09:30.790Z,36.481,-117.9736667,7.23,3.43,ml,45,83,0.09516,0.19,ci,ci39495128,2020-09-05T17:35:17.040Z,"15km SE of Lone Pine, CA",earthquake,0.2,0.57,0.145,70,reviewed,ci,ci
2020-06-25T04:09:07.470Z,38.7751667,-122.743,0.52,3.23,ml,89,36,0.009434,0.07,nc,nc73415886,2020-09-05T17:35:18.040Z,"1km ESE of The Geysers, CA",earthquake,0.09,0.14,0.219,77,reviewed,nc,nc
2020-06-25T10:34:27.730Z,36.4841667,-117.9705,6.53,3.47,ml,41,82,0.09884,0.2,ci,ci39496160,2020-09-05T17:35:19.040Z,"14km SE of Lone Pine, CA",earthquake,0.21,0.64,0.128,114,reviewed,ci,ci
2020-06-25T13:58:38.830Z,36.4395,-117.9603333,6.89,3.05,ml,40,62,0.09663,0.17,ci,ci39496504,2020-09-05T17:35:20.040Z,"18km NNE of Olancha, CA",earthquake,0.18,0.55,0.133,93,reviewed,ci,ci
2020-06-25T19:06:44.890Z,36.4478333,-117.9895,3.75,3.15,ml,48,70,0.07353,0.19,ci,ci39266159,2020-09-05T17:35:21.040Z,"17km SSE of Lone Pine, CA",earthquake,0.17,0.5,0.13,168,reviewed,ci,ci
2020-06-25T19:48:06.100Z,33.4465,-116.4313333,10.7,3.03,ml,119,20,0.131,0.21,ci,ci39266287,2020-09-05T17:35:21.040Z,"22km NNW of Borrego Springs, CA",earthquake,0.11,0.25,0.112,165,reviewed,ci,ci
2020-06-25T22:21:44.100Z,36.4438333,-117.9748333,5.43,3.12,ml,39,65,0.08502,0.2,ci,ci39266607,2020-09-05T17:35:21.040Z,"18km SSE of Lone Pine, CA",earthquake,0.23,0.76,0.116,64,reviewed,ci,ci
2020-06-26T02:23:26.190Z,36.4451667,-117.992,3.94,3.33,ml,40,75,0.07128,0.17,ci,ci39266839,2020-09-05T17:35:22.040Z,"17km SSE of Lone Pine, CA",earthquake,0.16,0.5,0.118,91,reviewed,ci,ci
2020-06-26T16:57:05.330Z,36.4453333,-117.9783333,4,3.09,ml,36,70,0.08229,0.19,ci,ci39268023,2020-09-05T17:35:23.040Z,"18km SSE of Lone Pine, CA",earthquake,0.22,0.62,0.13,66,reviewed,ci,ci
2020-06-26T18:55:08.110Z,36.442,-117.9836667,4.03,3.21,ml,37,65,0.07784,0.17,ci,ci39268303,2020-09-05T17:35:24.040Z,"18km SSE of Lone Pine, CA",earthquake,0.17,0.5,0.118,82,reviewed,ci,ci
2020-06-27T01:32:35.125Z,38.196,-117.7242,3.1,3.6,ml,12,48.81,0.036,0.1644,nn,nn00754216,2020-09-05T17:35:24.040Z,"39 km ESE of Mina, Nevada",earthquake,,1.9,0.31,7,reviewed,nn,nn
2020-06-28T01:40:36.505Z,38.1734,-117.8384,7.6,3.2,ml,30,47.97,0.028,0.1509,nn,nn00754718,2020-09-05T17:35:27.040Z,"33 km SE of Mina, Nevada",earthquake,,0.6,0.34,14,reviewed,nn,nn
2020-06-28T22:13:58.510Z,33.2341667,-115.6945,2.72,3.7,mw,107,38,0.07891,0.27,ci,ci39271647,2020-09-05T17:35:31.040Z,"13km SSE of Bombay Beach, CA",earthquake,0.16,0.35,,4,reviewed,ci,ci
2020-06-29T01:55:49.010Z,36.4833333,-117.9756667,7.16,3.55,ml,49,51,0.09475,0.22,ci,ci39271783,2020-09-05T17:35:31.040Z,"14km SE of Lone Pine, CA",earthquake,0.2,0.56,0.123,246,reviewed,ci,ci
2020-06-30T09:24:23.549Z,38.1539,-117.9583,8.3,5,ml,28,44.32,0.015,0.2511,nn,nn00755218,2020-09-05T17:35:36.040Z,"29 km SSE of Mina, Nevada",earthquake,,0.9,0.28,7,reviewed,nn,nn
2020-06-30T15:23:47.288Z,37.7019,-117.6966,6.8,3.2,ml,26,46.37,0.375,0.1452,nn,nn00755304,2020-09-05T17:35:37.040Z,"8 km SW of Silver Peak, Nevada",earthquake,,1.8,0.65,11,reviewed,nn,nn
2020-06-30T17:19:21.450Z,32.2251667,-115.2405,16.58,3.21,ml,36,88,0.1595,0.36,ci,ci39274191,2020-09-05T17:35:37.040Z,"7km W of Alberto Oviedo Mota, B.C., MX",earthquake,0.5,1.1,0.216,116,reviewed,ci,ci
2020-07-02T10:53:09.335Z,38.171,-117.806,9.8,3,ml,32,50.84,0.052,0.1695,nn,nn00755850,2020-09-11T22:13:53.040Z,"35 km SE of Mina, Nevada",earthquake,,0.6,0.34,15,reviewed,nn,nn
2020-07-02T18:49:41.090Z,37.4646667,-118.7313333,5.11,3.42,ml,34,105,0.1061,0.06,nc,nc73420366,2020-09-11T22:13:55.040Z,"12km SSW of Toms Place, CA",earthquake,0.28,1.3,0.338,35,reviewed,nc,nc
2020-07-03T18:43:58.699Z,37.5253,-117.4354,6,3.4,ml,42,61.87,0.265,0.1958,nn,nn00756389,2020-09-11T22:14:04.040Z,"26 km SW of Goldfield, Nevada",earthquake,,1.2,0.38,24,reviewed,nn,nn
2020-07-04T12:58:11.955Z,37.5209,-117.4439,9.5,3.3,ml,27,51.49,0.264,0.1618,nn,nn00756704,2020-09-11T22:14:11.040Z,"27 km SW of Goldfield, Nevada",earthquake,,0.9,0.35,20,reviewed,nn,nn
2020-07-04T13:12:53.180Z,40.2211667,-121.1438333,4.98,3.09,ml,40,68,0.02653,0.14,nc,nc73421341,2021-07-05T02:36:18.185Z,"2km NE of Prattville, CA",earthquake,0.26,0.55,0.176,32,reviewed,nc,nc
2020-07-04T15:45:19.368Z,38.1754,-117.8628,4.7,3,ml,30,49.4,0.015,0.1472,nn,nn00756756,2020-09-11T22:14:11.040Z,"32 km SE of Mina, Nevada",earthquake,,0.6,0.41,14,reviewed,nn,nn
2020-07-04T20:09:37.960Z,38.054,-118.7341667,6.99,3.18,ml,44,75,0.2673,0.05,nc,nc73421471,2020-09-11T22:14:12.040Z,"30km SE of Bodie, CA",earthquake,0.21,2.2,0.205,18,reviewed,nc,nc
2020-07-05T12:17:01.200Z,32.8655,-116.2268333,10.16,3.42,ml,135,50,0.1097,0.27,ci,ci39280319,2020-09-11T22:14:14.040Z,"26km WNW of Ocotillo, CA",earthquake,0.15,0.44,0.163,260,reviewed,ci,ci
2020-07-05T16:14:07.710Z,38.788,-122.7663333,0.92,3.97,mw,104,48,0.01363,0.07,nc,nc73421981,2020-09-11T22:14:16.040Z,"2km NW of The Geysers, CA",earthquake,0.08,0.12,,3,reviewed,nc,nc
2020-07-06T03:05:16.320Z,34.6063333,-116.6376667,7.35,3.03,ml,59,36,0.03899,0.14,ci,ci39281039,2020-09-11T22:14:18.040Z,"35km ENE of Lucerne Valley, CA",earthquake,0.12,0.42,0.14,176,reviewed,ci,ci
2020-07-06T06:10:37.043Z,38.1758,-117.884,6.5,3.4,ml,31,48.59,0.017,0.1907,nn,nn00757294,2020-09-11T22:14:19.040Z,"30 km SE of Mina, Nevada",earthquake,,0.6,0.3,14,reviewed,nn,nn
2020-07-06T06:12:54.847Z,38.1856,-117.8907,5.6,4.5,ml,30,48.55,0.028,0.157,nn,nn00757297,2020-09-11T22:14:19.040Z,"29 km SE of Mina, Nevada",earthquake,,0.7,0.33,10,reviewed,nn,nn
2020-07-06T08:22:17.575Z,38.1361,-118.0267,7.7,3,ml,30,43.34,0.031,0.1278,nn,nn00757359,2020-09-11T22:14:19.040Z,"29 km SSE of Mina, Nevada",earthquake,,0.7,0.27,14,reviewed,nn,nn
2020-07-07T01:05:58.963Z,37.5243,-117.4412,7.3,3.2,ml,39,61.46,0.266,0.1364,nn,nn00757652,2020-09-11T22:14:23.040Z,"27 km SW of Goldfield, Nevada",earthquake,,0.9,0.36,21,reviewed,nn,nn
2020-07-07T02:34:01.690Z,33.3456667,-116.3713333,11.36,3.15,ml,140,15,0.01921,0.22,ci,ci39282359,2020-09-11T22:14:23.040Z,"10km N of Borrego Springs, CA",earthquake,0.12,0.29,0.16,229,reviewed,ci,ci
2020-07-07T03:39:50.971Z,37.527,-117.4389,6.8,3,ml,48,75.65,0.267,0.16,nn,nn00757683,2020-09-11T22:14:24.040Z,"26 km SW of Goldfield, Nevada",earthquake,,0.8,0.4,23,reviewed,nn,nn
2020-07-08T21:23:34.591Z,37.5281,-117.4357,5.5,3,ml,41,89.27,0.267,0.1566,nn,nn00758285,2020-09-19T20:57:58.040Z,"26 km SW of Goldfield, Nevada",earthquake,,1,0.39,26,reviewed,nn,nn
2020-07-08T21:27:44.887Z,37.5281,-117.4392,9.1,3.7,ml,28,61.59,0.269,0.1421,nn,nn00758288,2020-09-19T20:57:58.040Z,"26 km SW of Goldfield, Nevada",earthquake,,1.1,0.33,20,reviewed,nn,nn
2020-07-10T14:22:35.329Z,38.1633,-117.848,7.9,3,ml,28,49.67,0.019,0.1328,nn,nn00758843,2020-09-19T20:58:04.040Z,"34 km SE of Mina, Nevada",earthquake,,0.6,0.34,13,reviewed,nn,nn
2020-07-12T12:04:58.576Z,38.1547,-117.9316,12.4,3,ml,29,48.98,0.027,0.1482,nn,nn00759427,2020-09-19T20:58:12.040Z,"30 km SSE of Mina, Nevada",earthquake,,0.7,0.25,14,reviewed,nn,nn
2020-07-12T18:10:14.217Z,38.1526,-118.0405,1.5,3.4,ml,30,46.29,0.012,0.1636,nn,nn00759507,2020-09-19T20:58:13.040Z,"27 km SSE of Mina, Nevada",earthquake,,0.4,0.38,13,reviewed,nn,nn
2020-07-13T01:33:16.466Z,38.1744,-117.8248,10.2,3.5,ml,28,50.81,0.039,0.2011,nn,nn00759605,2020-09-19T20:58:15.040Z,"34 km SE of Mina, Nevada",earthquake,,0.7,0.32,11,reviewed,nn,nn
2020-07-13T23:33:36.207Z,38.1554,-118.0325,1.7,3.4,ml,29,42.97,0.016,0.1596,nn,nn00759846,2020-09-19T20:58:18.040Z,"26 km SSE of Mina, Nevada",earthquake,,0.5,0.63,12,reviewed,nn,nn
2020-07-14T05:59:28.830Z,38.045,-118.7393333,8.2,3.62,mw,54,71,0.2767,0.07,nc,nc73425991,2020-09-19T20:58:20.040Z,"30km SE of Bodie, CA",earthquake,0.19,1.26,,3,reviewed,nc,nc
2020-07-14T12:15:18.870Z,36.4538333,-117.987,3.7,3.58,mw,54,51,0.0764,0.19,ci,ci39292639,2020-09-19T20:58:21.040Z,"16km SSE of Lone Pine, CA",earthquake,0.16,0.53,,6,reviewed,ci,ci
2020-07-15T02:36:50.647Z,37.5287,-117.438,6.7,3,ml,45,61.68,0.269,0.1423,nn,nn00760148,2020-09-26T16:58:30.040Z,"26 km SW of Goldfield, Nevada",earthquake,,0.8,0.36,22,reviewed,nn,nn
2020-07-15T22:46:18.400Z,33.0191667,-116.008,10.49,3.04,ml,84,25,0.136,0.23,ci,ci38592114,2021-08-11T18:42:37.030Z,"18km SE of Ocotillo Wells, CA",earthquake,0.16,0.59,0.15,109,reviewed,ci,ci
2020-07-18T16:05:54.296Z,38.178,-117.8791,7.4,3.3,ml,31,39.55,0.017,0.1841,nn,nn00761157,2020-09-26T16:58:36.040Z,"30 km SE of Mina, Nevada",earthquake,,0.7,0.4,15,reviewed,nn,nn
2020-07-19T08:03:31.941Z,38.1685,-117.8404,6.4,3.2,ml,31,42.31,0.025,0.1861,nn,nn00761307,2020-09-26T16:58:38.040Z,"34 km SE of Mina, Nevada",earthquake,,0.7,0.33,14,reviewed,nn,nn
2020-07-19T10:07:44.550Z,38.0463333,-118.7341667,6.2,3.54,ml,50,73,0.273,0.05,nc,nc73428141,2020-09-26T16:58:38.040Z,"30km SE of Bodie, CA",earthquake,0.18,2.26,0.156,64,reviewed,nc,nc
2020-07-20T22:01:53.080Z,34.9318333,-119.0378333,13.57,3.6,ml,92,22,0.08167,0.28,ci,ci38599882,2020-10-22T14:55:02.865Z,"10km W of Grapevine, CA",earthquake,0.2,0.41,0.162,149,reviewed,ci,ci
2020-07-22T04:57:09.030Z,36.6791667,-121.3118333,4.83,3.3,mw,77,54,0.04975,0.16,nc,nc73429346,2020-10-03T17:32:40.040Z,"12km S of Tres Pinos, CA",earthquake,0.14,0.73,,5,reviewed,nc,nc
2020-07-23T00:29:26.230Z,36.4476667,-117.9891667,4.09,3.67,mw,36,71,0.07378,0.17,ci,ci38603762,2020-10-03T17:32:16.040Z,"17km SSE of Lone Pine, CA",earthquake,0.18,0.56,,4,reviewed,ci,ci
2020-07-23T17:10:35.216Z,38.1053,-117.9224,11.3,4.2,ml,31,43.76,0.045,0.1212,nn,nn00762457,2021-02-16T17:23:49.894Z,"35 km SSE of Mina, Nevada",earthquake,,0.6,0.39,18,reviewed,nn,nn
2020-07-23T21:28:52.295Z,38.222,-117.8139,7.7,3.2,ml,28,45.4,0.054,0.1135,nn,nn00762498,2020-10-03T17:32:18.040Z,"31 km SE of Mina, Nevada",earthquake,,0.8,0.33,15,reviewed,nn,nn
2020-07-24T05:35:24.838Z,38.1415,-118.0407,3.5,3.3,ml,31,55.11,0.021,0.1328,nn,nn00762576,2020-10-03T17:32:19.040Z,"28 km SSE of Mina, Nevada",earthquake,,0.7,0.4,17,reviewed,nn,nn
2020-07-24T05:36:27.114Z,38.1454,-118.0352,4,3.3,ml,26,54.75,0.02,0.1679,nn,nn00762581,2020-10-03T17:32:19.040Z,"27 km SSE of Mina, Nevada",earthquake,,0.7,0.58,14,reviewed,nn,nn
2020-07-24T07:05:13.560Z,36.4451667,-117.9595,7.59,3.74,mw,41,65,0.09744,0.19,ci,ci38605954,2021-08-18T17:33:52.086Z,"19km SSE of Lone Pine, CA",earthquake,0.2,0.52,,6,reviewed,ci,ci
2020-07-25T02:36:46.680Z,36.877,-121.6225,7.4,3.03,ml,79,33,0.01995,0.15,nc,nc73432571,2021-06-11T14:39:56.003Z,"2km SE of Aromas, CA",earthquake,0.16,0.32,0.155,61,reviewed,nc,nc
2020-07-25T02:46:17.318Z,38.153,-117.941,11.9,3.1,ml,31,34.46,0.02,0.1373,nn,nn00762911,2020-10-03T17:32:21.040Z,"30 km SSE of Mina, Nevada",earthquake,,0.5,0.3,18,reviewed,nn,nn
2020-07-25T18:32:16.121Z,38.1759,-117.9694,2.2,3.1,ml,27,43.78,0.026,0.1324,nn,nn00763107,2020-10-03T17:32:22.040Z,"26 km SSE of Mina, Nevada",earthquake,,0.6,0.35,14,reviewed,nn,nn
2020-07-26T02:06:28.540Z,38.1836,-117.7546,12.6,4.4,ml,24,57.87,0.044,0.198,nn,nn00763220,2020-10-03T17:32:23.040Z,"38 km SE of Mina, Nevada",earthquake,,0.7,0.39,9,reviewed,nn,nn
2020-07-26T10:31:07.448Z,38.1871,-117.7546,12.5,3.2,ml,26,57.91,0.041,0.16,nn,nn00763446,2020-10-03T17:32:24.040Z,"38 km SE of Mina, Nevada",earthquake,,0.7,0.28,5,reviewed,nn,nn
2020-07-28T18:18:13.470Z,38.1582,-118.0622,6.1,3.3,ml,32,42.47,0.008,0.1371,nn,nn00764023,2020-10-03T17:32:29.040Z,"26 km S of Mina, Nevada",earthquake,,0.8,0.34,18,reviewed,nn,nn
2020-07-30T03:23:01.850Z,36.1873333,-120.7653333,8.7,3.87,mw,84,72,0.04071,0.14,nc,nc73435571,2020-10-10T17:11:02.040Z,"22km NE of San Ardo, CA",earthquake,0.25,0.44,,5,reviewed,nc,nc
2020-07-30T11:29:29.050Z,34.3016667,-118.4383333,8.85,4.17,mw,196,14,0.03917,0.26,ci,ci39322287,2024-04-11T05:26:42.333Z,"1km SE of Sylmar, CA",earthquake,0.12,0.32,,6,reviewed,ci,ci
2020-07-30T11:38:39.500Z,34.2996667,-118.4366667,9.19,3.07,ml,136,16,0.03943,0.23,ci,ci39322383,2024-04-11T05:27:40.078Z,"1km N of San Fernando, CA",earthquake,0.12,0.29,0.186,180,reviewed,ci,ci
2020-07-30T13:48:19.180Z,34.2936667,-118.4355,7.24,3.73,mw,141,16,0.03806,0.23,ci,ci39322767,2024-04-11T05:29:50.586Z,"1km NNE of San Fernando, CA",earthquake,0.11,0.3,,6,reviewed,ci,ci
2020-07-31T09:12:33.935Z,38.1751,-117.8108,11,3.4,ml,21,49.9,0.05,0.1728,nn,nn00764600,2020-10-10T17:11:04.040Z,"35 km SE of Mina, Nevada",earthquake,,0.7,0.36,17,reviewed,nn,nn
2020-08-01T19:32:30.170Z,38.048,-118.74,5.7,3.33,ml,50,74,0.2749,0.07,nc,nc73437016,2020-10-10T17:11:08.040Z,"30km SE of Bodie, CA",earthquake,0.21,2.16,0.19,55,reviewed,nc,nc
2020-08-03T22:18:51.810Z,33.8656667,-117.8336667,8.8,3.5,ml,186,21,0.05225,0.27,ci,ci39328911,2020-10-10T17:11:12.040Z,"3km SW of Yorba Linda, CA",earthquake,0.14,0.38,0.166,306,reviewed,ci,ci
2020-08-06T13:01:57.699Z,38.1346,-118.0389,9.5,3.8,ml,30,43.49,0.028,0.1169,nn,nn00765949,2020-10-21T22:03:54.040Z,"29 km SSE of Mina, Nevada",earthquake,,0.6,0.36,17,reviewed,nn,nn
2020-08-06T16:00:27.860Z,37.0745,-122.3891667,8.75,3.01,ml,98,182,0.1284,0.2,nc,nc73439146,2020-11-26T22:13:40.944Z,"22km W of Bonny Doon, CA",earthquake,0.38,0.42,0.169,61,reviewed,nc,nc
2020-08-07T14:13:02.133Z,38.1429,-118.0041,5.6,3,ml,30,54.04,0.035,0.1696,nn,nn00766185,2020-10-21T22:03:56.040Z,"28 km SSE of Mina, Nevada",earthquake,,0.8,0.42,16,reviewed,nn,nn
2020-08-08T19:38:47.321Z,38.1728,-117.8581,9.4,3,ml,30,42.76,0.015,0.1743,nn,nn00766458,2020-10-21T22:03:59.040Z,"32 km SE of Mina, Nevada",earthquake,,0.6,0.28,16,reviewed,nn,nn
2020-08-09T00:00:36.310Z,40.3061667,-124.6033333,20.03,3.8,mw,61,234,0.2002,0.2,nc,nc73440191,2020-10-21T22:04:00.040Z,"27km W of Petrolia, CA",earthquake,0.67,0.34,,3,reviewed,nc,nc
2020-08-09T03:23:55.890Z,40.3073333,-124.5788333,19.76,3.69,mw,55,235,0.1817,0.2,nc,nc73440256,2020-10-21T22:04:00.040Z,"25km W of Petrolia, CA",earthquake,0.65,0.37,,3,reviewed,nc,nc
2020-08-10T13:33:56.670Z,33.1458333,-115.6373333,7.25,3.15,ml,65,41,0.03642,0.26,ci,ci39338199,2020-10-21T22:04:04.040Z,"12km W of Calipatria, CA",earthquake,0.2,0.45,0.15,85,reviewed,ci,ci
2020-08-10T15:55:48.220Z,33.2506667,-115.6953333,2.52,3.54,ml,47,57,0.09087,0.25,ci,ci39338399,2020-10-21T22:04:04.040Z,"12km SSE of Bombay Beach, CA",earthquake,0.27,0.55,0.145,41,reviewed,ci,ci
2020-08-10T15:56:14.330Z,33.2468333,-115.69,2.07,4.59,mw,86,40,0.08504,0.29,ci,ci39338407,2020-10-21T22:04:04.040Z,"12km SSE of Bombay Beach, CA",earthquake,0.21,31.61,,7,reviewed,ci,ci
2020-08-10T15:58:16.660Z,33.2436667,-115.6858333,2.4,3.01,ml,47,48,0.08036,0.21,ci,ci39338415,2020-10-21T22:04:04.040Z,"13km SSE of Bombay Beach, CA",earthquake,0.22,0.4,0.267,11,reviewed,ci,ci
2020-08-10T16:00:13.640Z,33.255,-115.6846667,1.91,3.12,ml,76,40,0.08858,0.23,ci,ci39338423,2020-10-21T22:04:04.040Z,"12km SSE of Bombay Beach, CA",earthquake,0.16,0.34,0.129,81,reviewed,ci,ci
2020-08-10T16:03:39.160Z,33.2503333,-115.688,2.31,3.95,mw,113,36,0.0866,0.23,ci,ci39338447,2020-10-21T22:04:04.040Z,"12km SSE of Bombay Beach, CA",earthquake,0.13,0.3,,4,reviewed,ci,ci
2020-08-10T16:13:56.000Z,33.232,-115.6935,3.27,3.73,mw,121,39,0.07689,0.24,ci,ci39338487,2020-10-21T22:04:04.040Z,"14km SSE of Bombay Beach, CA",earthquake,0.11,0.26,,4,reviewed,ci,ci
2020-08-10T17:39:15.940Z,33.227,-115.6991667,3.26,3.51,mw,119,40,0.07771,0.24,ci,ci39338839,2020-10-21T22:04:05.040Z,"14km SSE of Bombay Beach, CA",earthquake,0.12,0.31,,4,reviewed,ci,ci
2020-08-10T18:29:59.890Z,33.228,-115.6955,2.85,3.06,ml,89,40,0.07577,0.22,ci,ci39339015,2020-10-21T22:04:05.040Z,"14km SSE of Bombay Beach, CA",earthquake,0.15,0.34,0.141,16,reviewed,ci,ci
2020-08-10T18:30:05.830Z,33.2298333,-115.6925,3.67,3.49,ml,57,41,0.07488,0.29,ci,ci37452101,2020-10-21T22:04:06.040Z,"14km SSE of Bombay Beach, CA",earthquake,0.26,0.59,0.162,279,reviewed,ci,ci
2020-08-10T18:53:21.450Z,33.2653333,-115.6896667,4.42,3.21,ml,108,37,0.09378,0.24,ci,ci39339079,2020-10-21T22:04:05.040Z,"10km SSE of Bombay Beach, CA",earthquake,0.15,0.53,0.135,36,reviewed,ci,ci
2020-08-10T18:58:53.030Z,33.2513333,-115.6755,3.02,3.24,ml,101,37,0.08121,0.21,ci,ci39339095,2020-10-21T22:04:05.040Z,"12km SSE of Bombay Beach, CA",earthquake,0.12,0.22,0.173,212,reviewed,ci,ci
2020-08-10T19:29:29.720Z,33.2653333,-115.6841667,2.87,4.03,mw,86,40,0.08923,0.25,ci,ci39339191,2020-10-21T22:04:05.040Z,"10km SSE of Bombay Beach, CA",earthquake,0.19,0.4,,4,reviewed,ci,ci
2020-08-10T22:44:52.270Z,33.1451667,-115.64,7.65,3.33,ml,91,41,0.03815,0.26,ci,ci39339791,2020-10-21T22:04:06.040Z,"12km W of Calipatria, CA",earthquake,0.16,0.4,0.143,241,reviewed,ci,ci
2020-08-11T11:19:57.690Z,33.2271667,-115.7018333,3.16,3.55,mw,85,39,0.07965,0.26,ci,ci39340599,2020-10-21T22:04:09.040Z,"14km SSE of Bombay Beach, CA",earthquake,0.17,0.37,,4,reviewed,ci,ci
2020-08-12T11:45:43.450Z,38.7866667,-122.7491667,4.11,3.9,mw,104,40,0.01031,0.07,nc,nc73443355,2020-10-24T20:08:45.040Z,"1km NNE of The Geysers, CA",earthquake,0.09,0.14,,5,reviewed,nc,nc
2020-08-13T13:36:09.211Z,38.183,-117.878,7.4,3,ml,33,39.42,0.022,0.124,nn,nn00767470,2020-10-24T20:08:49.040Z,"30 km SE of Mina, Nevada",earthquake,,0.6,0.37,17,reviewed,nn,nn
2020-08-14T09:05:09.510Z,33.2693333,-115.9936667,6.97,3.2,ml,118,23,0.01258,0.2,ci,ci39344127,2020-10-24T20:08:50.040Z,"5km SW of Salton City, CA",earthquake,0.11,0.34,0.13,144,reviewed,ci,ci
2020-08-14T10:32:36.709Z,38.1548,-117.9464,10.3,3.5,ml,31,27.12,0.019,0.104,nn,nn00767645,2020-10-24T20:08:51.040Z,"29 km SSE of Mina, Nevada",earthquake,,0.7,0.35,16,reviewed,nn,nn
2020-08-15T01:38:17.805Z,38.1595,-117.9473,10.1,3.7,ml,31,27.51,0.023,0.148,nn,nn00767765,2021-09-02T21:39:38.170Z,"29 km SSE of Mina, Nevada",earthquake,,0.5,0.32,16,reviewed,nn,nn
2020-08-16T12:08:31.080Z,35.9585,-117.025,2.14,3.13,ml,37,64,0.1266,0.15,ci,ci39346591,2020-10-24T20:08:56.040Z,"39km NE of Trona, CA",earthquake,0.18,0.45,0.153,103,reviewed,ci,ci
2020-08-17T20:27:49.560Z,37.491,-121.829,4.88,3.45,mw,117,27,0.04207,0.12,nc,nc73447140,2020-10-24T20:09:00.040Z,"10km NE of Milpitas, CA",earthquake,0.12,0.32,,3,reviewed,nc,nc
2020-08-19T00:55:23.190Z,39.3605,-123.2458333,8.19,4.22,mw,65,33,0.06711,0.09,nc,nc73446356,2026-01-13T21:35:24.761Z,"11km ESE of Willits, CA",earthquake,0.13,0.33,,4,reviewed,nc,nc
2020-08-19T01:43:42.500Z,39.3573333,-123.2471667,8.43,3.25,ml,58,51,0.06512,0.08,nc,nc73446381,2020-10-31T19:06:07.040Z,"11km NNW of Redwood Valley, CA",earthquake,0.12,0.29,0.197,78,reviewed,nc,nc
2020-08-19T01:59:33.370Z,39.3631667,-123.2478333,7.63,3.9,mw,58,43,0.07019,0.07,nc,nc73446411,2020-10-31T19:06:07.040Z,"11km ESE of Willits, CA",earthquake,0.13,0.26,,4,reviewed,nc,nc
2020-08-19T04:31:04.995Z,38.1758,-117.8112,8.8,3.8,ml,28,49.29,0.049,0.1452,nn,nn00768539,2021-08-31T16:02:06.122Z,"35 km SE of Mina, Nevada",earthquake,,0.6,0.32,15,reviewed,nn,nn
2020-08-19T17:32:11.070Z,36.4786667,-117.5141667,-0.57,4.72,mw,53,48,0.2161,0.17,ci,ci39584648,2020-10-31T19:06:08.040Z,"36km WSW of Stovepipe Wells, CA",earthquake,0.15,0.45,,6,reviewed,ci,ci
2020-08-21T01:29:31.926Z,38.172,-117.8362,7.5,3,ml,30,49.29,0.03,0.1576,nn,nn00768972,2020-10-31T19:06:13.040Z,"34 km SE of Mina, Nevada",earthquake,,0.6,0.25,15,reviewed,nn,nn
2020-08-21T04:33:05.570Z,36.168,-120.7375,8.51,3.12,ml,80,131,0.05973,0.1,nc,nc73447646,2020-10-31T19:06:13.040Z,"22km NE of San Ardo, CA",earthquake,0.22,0.29,0.125,41,reviewed,nc,nc
2020-08-21T06:35:11.590Z,38.6291667,-123.7471667,9.23,3.05,ml,113,200,0.2646,0.21,nc,nc73447706,2020-10-31T19:06:14.040Z,"27km WSW of Sea Ranch, CA",earthquake,0.29,0.42,0.282,42,reviewed,nc,nc
2020-08-21T08:20:08.360Z,35.6441667,-117.4598333,6.22,3.6,mw,47,66,0.05757,0.15,ci,ci39587168,2020-10-31T19:06:14.040Z,"15km SSW of Searles Valley, CA",earthquake,0.14,0.42,,6,reviewed,ci,ci
2020-08-23T11:01:10.710Z,38.1803,-117.8619,5.4,3.2,ml,29,31.75,0.02,0.1524,nn,nn00769427,2020-10-31T19:06:19.040Z,"31 km SE of Mina, Nevada",earthquake,,0.7,0.49,14,reviewed,nn,nn
2020-08-24T09:21:26.334Z,38.1798,-117.8383,9.1,3,ml,30,37.41,0.032,0.1057,nn,nn00769590,2020-10-31T19:06:22.040Z,"33 km SE of Mina, Nevada",earthquake,,0.6,0.23,14,reviewed,nn,nn
2020-08-27T08:48:31.810Z,39.3533333,-123.2433333,8.26,3.52,mw,35,82,0.06014,0.07,nc,nc73450161,2020-12-06T17:29:18.457Z,"10km NNW of Redwood Valley, CA",earthquake,0.16,0.32,,5,reviewed,nc,nc
2020-08-27T15:04:06.490Z,35.8213333,-117.6415,0.83,3.16,ml,39,37,0.03619,0.22,ci,ci39362087,2022-08-09T00:06:52.367Z,"22km WNW of Searles Valley, CA",earthquake,0.21,0.35,0.143,212,reviewed,ci,ci
2020-08-28T00:30:30.333Z,38.1382,-118.0696,4.4,3,ml,33,51.17,0.026,0.1994,nn,nn00770346,2020-11-07T18:48:30.040Z,"28 km S of Mina, Nevada",earthquake,,1,0.32,18,reviewed,nn,nn
2020-08-28T11:26:03.310Z,32.5673333,-115.6891667,15.01,3.65,ml,60,86,0.08759,0.3,ci,ci39363095,2021-02-08T05:09:52.131Z,"10km W of Progreso, B.C., MX",earthquake,0.36,0.59,0.128,119,reviewed,ci,ci
2020-08-29T18:17:34.178Z,38.1504,-118.0061,7.7,3.3,ml,35,42.54,0.038,0.1326,nn,nn00770680,2020-11-07T18:48:34.040Z,"28 km SSE of Mina, Nevada",earthquake,,0.6,0.28,19,reviewed,nn,nn
2020-08-31T23:09:24.403Z,38.172,-117.8032,6.6,3.1,ml,27,62.88,0.055,0.1192,nn,nn00771051,2020-11-07T18:48:41.040Z,"36 km SE of Mina, Nevada",earthquake,,0.8,0.39,15,reviewed,nn,nn
2020-09-01T00:30:52.227Z,38.1765,-117.8019,6.7,3.5,ml,29,53.4,0.057,0.1664,nn,nn00771061,2020-11-07T18:48:41.040Z,"35 km SE of Mina, Nevada",earthquake,,0.9,0.49,17,reviewed,nn,nn
2020-09-01T00:36:59.811Z,38.0039,-118.2358,6.6,3.4,ml,30,56.46,0.213,0.1697,nn,nn00771068,2020-11-07T18:48:41.040Z,"29 km NE of Benton, California",earthquake,,4.1,0.51,17,reviewed,nn,nn
2020-09-01T05:51:36.757Z,38.1798,-117.8634,9.2,3.3,ml,30,34.4,0.019,0.151,nn,nn00771114,2020-11-07T18:48:42.040Z,"31 km SE of Mina, Nevada",earthquake,,0.6,0.27,17,reviewed,nn,nn
2020-09-02T07:05:39.544Z,38.1769,-117.8018,6.1,3.1,ml,29,53.21,0.057,0.1226,nn,nn00771348,2020-11-17T19:44:22.040Z,"35 km SE of Mina, Nevada",earthquake,,0.8,0.45,16,reviewed,nn,nn
2020-09-02T16:18:31.660Z,36.0378333,-117.7731667,1.88,3.45,mw,40,39,0.01413,0.14,ci,ci39368535,2022-08-09T00:12:28.259Z,"16km E of Coso Junction, CA",earthquake,0.13,0.18,,4,reviewed,ci,ci
2020-09-03T01:55:38.616Z,38.1873,-117.8736,9.8,3.3,ml,29,39.26,0.025,0.1554,nn,nn00771531,2020-11-17T19:44:24.040Z,"30 km SE of Mina, Nevada",earthquake,,0.7,0.29,15,reviewed,nn,nn
2020-09-04T11:39:18.200Z,36.4661667,-117.9616667,7.02,3,ml,48,66,0.09907,0.2,ci,ci38675290,2020-11-17T19:44:34.040Z,"16km SE of Lone Pine, CA",earthquake,0.18,0.57,0.144,167,reviewed,ci,ci
2020-09-04T14:24:44.100Z,34.0878333,-116.8536667,1.9,3.14,ml,158,16,0.06491,0.18,ci,ci38675450,2020-11-17T19:44:35.040Z,"18km SSE of Big Bear Lake, CA",earthquake,0.08,0.19,0.14,277,reviewed,ci,ci
2020-09-05T03:14:58.250Z,35.6733333,-117.4646667,8.82,3.04,ml,67,24,0.08667,0.14,ci,ci38676562,2020-11-17T19:44:38.040Z,"12km SSW of Searles Valley, CA",earthquake,0.1,0.28,0.144,229,reviewed,ci,ci
2020-09-06T01:48:36.530Z,34.564,-120.062,12.76,3.9,ml,56,103,0.04358,0.27,ci,ci38678266,2020-11-17T19:44:42.040Z,"6km SSE of Santa Ynez, CA",earthquake,0.29,0.55,0.111,92,reviewed,ci,ci
2020-09-06T18:43:57.660Z,37.7155,-122.1271667,8.92,3.21,mw,234,9,0.01243,0.12,nc,nc73454476,2021-09-19T00:36:29.581Z,"3km ESE of San Leandro, CA",earthquake,0.08,0.13,,3,reviewed,nc,nc
2020-09-07T00:47:06.884Z,38.1544,-117.948,10.1,3.5,ml,31,27.15,0.018,0.1253,nn,nn00772311,2020-11-17T19:44:49.040Z,"29 km SSE of Mina, Nevada",earthquake,,0.5,0.34,17,reviewed,nn,nn
2020-09-08T12:35:17.384Z,38.1497,-118.0383,1.8,3.5,ml,33,42.76,0.015,0.1369,nn,nn00772541,2020-11-17T19:44:55.040Z,"27 km SSE of Mina, Nevada",earthquake,,0.4,0.36,18,reviewed,nn,nn
2020-09-09T10:07:28.389Z,38.1769,-117.8719,10.4,3.6,ml,32,40.31,0.015,0.1623,nn,nn00772709,2020-11-21T20:10:33.040Z,"31 km SE of Mina, Nevada",earthquake,,0.5,0.34,18,reviewed,nn,nn
2020-09-11T07:55:45.450Z,36.4406667,-117.9945,3.93,4.22,ml,45,66,0.06908,0.18,ci,ci38683914,2020-11-21T20:10:36.040Z,"18km SSE of Lone Pine, CA",earthquake,0.18,0.57,0.14,320,reviewed,ci,ci
2020-09-11T08:11:05.310Z,36.4338333,-117.9916667,2.34,3.32,ml,53,61,0.07162,0.2,ci,ci38683930,2022-08-09T00:17:57.706Z,"17km N of Olancha, CA",earthquake,0.17,0.72,0.158,245,reviewed,ci,ci
2020-09-11T08:14:10.210Z,36.4376667,-117.9933333,3.7,3.6,ml,46,64,0.07005,0.18,ci,ci38683938,2020-11-21T20:10:36.040Z,"17km N of Olancha, CA",earthquake,0.16,0.51,0.151,92,reviewed,ci,ci
2020-09-14T14:15:16.720Z,39.8616667,-123.368,6.19,3,ml,33,46,0.04531,0.14,nc,nc73457786,2020-11-21T20:10:41.040Z,"13km NW of Covelo, CA",earthquake,0.2,0.46,0.261,28,reviewed,nc,nc
2020-09-14T15:36:59.690Z,39.8583333,-123.3663333,6.51,3.06,ml,35,46,0.04882,0.15,nc,nc73457811,2020-11-21T20:10:41.040Z,"12km NW of Covelo, CA",earthquake,0.2,0.44,0.278,33,reviewed,nc,nc
2020-09-15T16:33:36.485Z,38.1597,-117.9623,11.6,4.2,ml,34,41.81,0.021,0.1609,nn,nn00773931,2021-02-11T23:22:18.837Z,"28 km SSE of Mina, Nevada",earthquake,,0.5,0.27,18,reviewed,nn,nn
2020-09-17T15:20:07.330Z,36.4421667,-117.9921667,3.73,3.07,ml,42,65,0.07099,0.19,ci,ci38693130,2020-11-28T21:31:48.040Z,"18km SSE of Lone Pine, CA",earthquake,0.19,0.54,0.154,59,reviewed,ci,ci
2020-09-18T14:00:00.688Z,38.1713,-117.8317,4.8,3.3,ml,30,43.77,0.033,0.1402,nn,nn00774492,2022-08-09T00:25:12.533Z,"34 km SE of Mina, Nevada",earthquake,,1,0.41,16,reviewed,nn,nn
2020-09-18T23:05:24.144Z,38.1442,-117.8848,8.1,3.3,ml,32,44.79,0.017,0.1242,nn,nn00774584,2020-11-28T21:31:52.040Z,"33 km SE of Mina, Nevada",earthquake,,0.5,0.3,9,reviewed,nn,nn
2020-09-19T06:38:46.930Z,34.038,-118.08,16.87,4.54,mw,236,16,0.01273,0.25,ci,ci38695658,2025-01-27T10:24:44.164Z,"3km WSW of South El Monte, CA",earthquake,0.11,0.22,,6,reviewed,ci,ci
2020-09-21T04:56:21.946Z,38.1553,-118.0629,6.9,3.3,ml,34,42.61,0.01,0.1712,nn,nn00774930,2020-11-28T21:32:00.040Z,"26 km S of Mina, Nevada",earthquake,,0.8,0.27,10,reviewed,nn,nn
2020-09-21T13:20:38.360Z,33.701,-117.4355,9.12,3.28,ml,175,28,0.03022,0.26,ci,ci38697738,2021-04-09T09:53:35.907Z,"11km WNW of Lake Elsinore, CA",earthquake,0.13,0.32,0.157,228,reviewed,ci,ci
2020-09-22T19:43:42.615Z,38.1638,-117.8962,9.8,3.6,ml,25,41.05,0.02,0.1607,nn,nn00775128,2020-11-28T21:32:05.040Z,"31 km SE of Mina, Nevada",earthquake,,0.5,0.38,18,reviewed,nn,nn
2020-09-23T12:24:27.850Z,34.2033333,-117.6536667,2.35,3.2,ml,153,17,0.03564,0.23,ci,ci38700978,2020-12-05T21:02:55.040Z,"11km NW of Rancho Cucamonga, CA",earthquake,0.1,0.24,0.156,242,reviewed,ci,ci
2020-09-23T14:17:44.690Z,35.6528333,-117.487,7.27,3.2,ml,43,56,0.0692,0.14,ci,ci38701098,2020-12-05T21:02:55.040Z,"15km SSW of Searles Valley, CA",earthquake,0.13,0.36,0.158,90,reviewed,ci,ci
2020-09-25T17:07:48.830Z,33.9491667,-116.3938333,3.42,3.02,ml,95,18,0.01502,0.16,ci,ci38703786,2020-12-05T21:02:58.040Z,"10km E of Desert Hot Springs, CA",earthquake,0.1,0.22,0.175,148,reviewed,ci,ci
2020-09-25T17:10:11.370Z,33.947,-116.3955,3.29,3.65,ml,111,18,0.0127,0.17,ci,ci38703802,2020-12-05T21:02:58.040Z,"10km E of Desert Hot Springs, CA",earthquake,0.1,0.23,0.169,213,reviewed,ci,ci
2020-09-26T03:41:14.116Z,38.156,-117.9485,10.5,3.3,ml,32,27.19,0.019,0.1433,nn,nn00775722,2020-12-05T21:02:59.040Z,"29 km SSE of Mina, Nevada",earthquake,,0.5,0.26,9,reviewed,nn,nn
2020-09-27T22:54:06.510Z,37.4916667,-121.8246667,5.25,3.42,mw,202,27,0.04319,0.11,nc,nc73463646,2020-12-15T15:14:04.328Z,"10km NE of Milpitas, CA",earthquake,0.08,0.16,,4,reviewed,nc,nc
2020-09-28T05:16:36.610Z,37.4921667,-121.8295,4.8,3.48,mw,199,28,0.04319,0.09,nc,nc73463746,2020-12-05T21:03:03.040Z,"10km NE of Milpitas, CA",earthquake,0.08,0.18,,5,reviewed,nc,nc
2020-09-29T02:22:20.750Z,36.7005,-121.3375,4.93,3.23,ml,60,52,0.06322,0.1,nc,nc73464086,2020-12-05T21:03:04.040Z,"10km S of Tres Pinos, CA",earthquake,0.14,0.7,0.156,64,reviewed,nc,nc
2020-09-29T11:36:11.888Z,38.1847,-117.7766,10.1,3.9,ml,34,57.6,0.049,0.138,nn,nn00776206,2020-12-05T21:03:06.040Z,"36 km SE of Mina, Nevada",earthquake,,0.6,0.24,18,reviewed,nn,nn
2020-09-29T16:02:30.880Z,37.4943333,-121.8296667,4.63,3.26,mw,126,27,0.04533,0.09,nc,nc73464301,2021-02-09T20:30:16.750Z,"10km NE of Milpitas, CA",earthquake,0.08,0.18,,4,reviewed,nc,nc
2020-09-30T23:00:28.430Z,33.044,-115.5885,5.12,3,ml,54,47,0.007963,0.26,ci,ci39640480,2020-12-12T22:28:25.040Z,"3km ENE of Westmorland, CA",earthquake,0.19,0.43,0.179,57,reviewed,ci,ci
2020-09-30T23:06:02.600Z,33.045,-115.5901667,3.38,3.65,mw,82,46,0.009658,0.27,ci,ci39640528,2021-02-19T22:16:28.862Z,"3km ENE of Westmorland, CA",earthquake,0.15,0.29,,4,reviewed,ci,ci
2020-09-30T23:08:25.660Z,33.0443333,-115.5895,3.12,3.12,ml,80,46,0.008794,0.26,ci,ci39640536,2020-12-12T22:28:25.040Z,"3km ENE of Westmorland, CA",earthquake,0.15,0.26,0.134,149,reviewed,ci,ci
2020-09-30T23:15:30.950Z,33.0476667,-115.5966667,2.84,3.53,mw,54,46,0.01554,0.26,ci,ci39640688,2020-12-12T22:28:25.040Z,"3km ENE of Westmorland, CA",earthquake,0.22,0.33,,4,reviewed,ci,ci
2020-09-30T23:19:48.390Z,33.0478333,-115.5911667,5.37,3.02,ml,83,47,0.01231,0.25,ci,ci39640848,2020-12-12T22:28:25.040Z,"3km ENE of Westmorland, CA",earthquake,0.13,0.34,0.184,30,reviewed,ci,ci
2020-09-30T23:31:51.790Z,33.053,-115.5955,4.78,4.35,mw,97,46,0.01861,0.3,ci,ci39641064,2021-02-08T05:04:37.544Z,"3km NE of Westmorland, CA",earthquake,0.17,0.41,,4,reviewed,ci,ci
2020-09-30T23:33:34.010Z,33.0515,-115.5905,3.25,3.24,ml,55,46,0.01505,0.25,ci,ci39641072,2022-06-21T06:05:43.705Z,"3km ENE of Westmorland, CA",earthquake,0.18,0.27,0.178,14,reviewed,ci,ci
2020-09-30T23:34:26.010Z,33.0538333,-115.593,2.76,3.09,ml,49,46,0.01811,0.28,ci,ci39641088,2022-09-24T02:18:02.729Z,"3km NE of Westmorland, CA",earthquake,0.22,0.39,0.178,22,reviewed,ci,ci
2020-09-30T23:38:06.380Z,33.042,-115.5855,5.27,3.22,ml,44,64,0.004796,0.22,ci,ci39641112,2020-12-12T22:28:25.040Z,"3km E of Westmorland, CA",earthquake,0.26,0.49,0.169,104,reviewed,ci,ci
2020-09-30T23:58:02.300Z,33.0493333,-115.5848333,9.54,3.69,mw,92,47,0.01131,0.27,ci,ci39641288,2021-07-15T17:07:25.860Z,"4km ENE of Westmorland, CA",earthquake,0.14,0.44,,4,reviewed,ci,ci
2020-10-01T00:31:27.280Z,33.0546667,-115.5906667,14.19,4.93,mw,92,46,0.01794,0.28,ci,ci39641528,2025-12-22T18:43:04.394Z,"4km NE of Westmorland, CA",earthquake,0.2,0.44,,7,reviewed,ci,ci
2020-10-01T00:33:45.970Z,33.041,-115.5525,9.1,3.62,ml,6,204,0.02485,0.25,ci,ci37479509,2021-08-18T17:07:53.955Z,"6km E of Westmorland, CA",earthquake,1.7,0.89,0.254,3,reviewed,ci,ci
2020-10-01T00:33:48.650Z,33.048,-115.591,5.95,3.89,ml,55,47,0.01235,0.28,ci,ci39641544,2021-08-18T17:01:45.340Z,"3km ENE of Westmorland, CA",earthquake,0.22,0.63,0.237,13,reviewed,ci,ci
2020-10-01T00:34:00.750Z,33.0283333,-115.5998333,1.71,3.7,ml,21,59,0.01802,0.33,ci,ci37456501,2020-10-07T19:47:08.282Z,"2km ESE of Westmorland, CA",earthquake,0.35,0.54,0.312,3,reviewed,ci,ci
2020-10-01T00:35:43.900Z,33.0443333,-115.5888333,5.73,3,ml,33,56,0.008396,0.23,ci,ci39641552,2021-03-09T23:29:50.560Z,"3km ENE of Westmorland, CA",earthquake,0.23,0.48,0.238,10,reviewed,ci,ci
2020-10-01T00:36:30.510Z,33.0331667,-115.587,3.74,3.45,ml,43,47,0.006639,0.26,ci,ci39641568,2021-08-18T17:52:04.738Z,"3km E of Westmorland, CA",earthquake,0.23,0.37,0.18,8,reviewed,ci,ci
2020-10-01T00:36:51.750Z,33.0498333,-115.5863333,5.53,3.01,ml,30,55,0.01212,0.21,ci,ci39641576,2021-08-18T20:47:56.634Z,"4km ENE of Westmorland, CA",earthquake,0.29,0.52,0.221,10,reviewed,ci,ci
2020-10-01T00:38:43.910Z,33.0378333,-115.5941667,3.03,3.33,ml,35,39,0.0103,0.23,ci,ci39641592,2021-08-25T20:56:37.003Z,"2km E of Westmorland, CA",earthquake,0.22,0.31,0.304,9,reviewed,ci,ci
2020-10-01T00:39:15.700Z,33.041,-115.5908333,7.46,3.07,ml,23,49,0.007978,0.25,ci,ci37457501,2021-02-19T19:22:38.020Z,"3km E of Westmorland, CA",earthquake,0.33,0.57,0.293,8,reviewed,ci,ci
2020-10-01T00:41:18.390Z,33.0713333,-115.5983333,11.22,4.18,mw,68,39,0.03575,0.24,ci,ci39641616,2020-12-12T22:28:26.040Z,"4km NNE of Westmorland, CA",earthquake,0.18,0.43,,4,reviewed,ci,ci
2020-10-01T00:41:34.960Z,33.0236667,-115.5776667,5.65,3.58,ml,12,224,0.01498,0.34,ci,ci37456517,2021-02-08T05:09:26.934Z,"4km ESE of Westmorland, CA",earthquake,1.13,0.75,0.078,5,reviewed,ci,ci
2020-10-01T00:43:40.350Z,33.059,-115.5931667,6.03,3.01,ml,50,46,0.02274,0.27,ci,ci39641632,2020-12-12T22:28:26.040Z,"4km NE of Westmorland, CA",earthquake,0.22,0.64,0.161,55,reviewed,ci,ci
2020-10-01T00:47:18.930Z,33.0478333,-115.5895,5.06,3.35,ml,54,47,0.01148,0.25,ci,ci39641656,2022-09-24T02:18:49.605Z,"3km ENE of Westmorland, CA",earthquake,0.2,0.43,0.15,75,reviewed,ci,ci
2020-10-01T00:48:06.060Z,33.0461667,-115.577,10.14,3.12,ml,40,49,0.008898,0.28,ci,ci39641672,2022-09-24T02:18:31.475Z,"4km ENE of Westmorland, CA",earthquake,0.29,0.61,0.336,10,reviewed,ci,ci
2020-10-01T00:50:21.420Z,33.0556667,-115.5891667,4.9,3.22,ml,53,47,0.0184,0.25,ci,ci39641696,2020-12-12T22:28:26.040Z,"4km NE of Westmorland, CA",earthquake,0.2,0.49,0.142,204,reviewed,ci,ci
2020-10-01T00:50:55.360Z,33.0433333,-115.5866667,8.22,3.4,ml,43,47,0.006447,0.26,ci,ci39641712,2020-12-12T22:28:26.040Z,"3km ENE of Westmorland, CA",earthquake,0.24,0.6,0.317,16,reviewed,ci,ci
2020-10-01T00:58:13.850Z,33.065,-115.5931667,11.07,4.09,mw,102,41,0.02829,0.28,ci,ci39641768,2022-06-16T17:50:20.140Z,"4km NE of Westmorland, CA",earthquake,0.15,0.34,,6,reviewed,ci,ci
2020-10-01T01:00:14.490Z,33.0503333,-115.5915,7.23,3.09,ml,75,46,0.01449,0.27,ci,ci39641784,2021-03-19T20:33:43.922Z,"3km ENE of Westmorland, CA",earthquake,0.18,0.41,0.172,29,reviewed,ci,ci
2020-10-01T01:05:05.340Z,33.0555,-115.6003333,3.46,3.41,ml,80,44,0.02313,0.3,ci,ci39641840,2021-03-19T22:39:50.727Z,"3km NE of Westmorland, CA",earthquake,0.17,0.28,0.144,34,reviewed,ci,ci
2020-10-01T01:05:24.390Z,33.0426667,-115.585,6.99,3.23,ml,43,47,0.005104,0.24,ci,ci37470205,2021-03-19T22:08:54.093Z,"3km E of Westmorland, CA",earthquake,0.24,0.41,0.179,7,reviewed,ci,ci
2020-10-01T01:06:23.010Z,33.056,-115.5991667,9.63,3.3,ml,71,44,0.02287,0.27,ci,ci39641848,2020-12-12T22:28:27.040Z,"3km NE of Westmorland, CA",earthquake,0.19,0.47,0.158,43,reviewed,ci,ci
2020-10-01T01:10:25.750Z,33.0443333,-115.5928333,11.39,4.12,mw,68,46,0.01099,0.29,ci,ci39641880,2021-08-26T18:10:25.930Z,"3km ENE of Westmorland, CA",earthquake,0.21,0.43,,5,reviewed,ci,ci
2020-10-01T01:10:33.800Z,33.0346667,-115.6603333,10.68,3.75,ml,11,86,0.06597,0.36,ci,ci37347844,2021-08-26T18:23:42.034Z,"4km W of Westmorland, CA",earthquake,0.98,1.33,0.139,3,reviewed,ci,ci
2020-10-01T01:10:44.840Z,33.0473333,-115.5931667,8.25,3.65,ml,24,47,0.01309,0.3,ci,ci37456509,2021-03-19T22:29:24.719Z,"3km ENE of Westmorland, CA",earthquake,0.38,0.87,0.073,3,reviewed,ci,ci
2020-10-01T01:11:05.530Z,33.0413333,-115.5835,8.74,3.51,ml,39,48,0.003343,0.25,ci,ci39641888,2021-03-22T14:47:17.090Z,"4km E of Westmorland, CA",earthquake,0.23,0.62,0.233,13,reviewed,ci,ci
2020-10-01T01:11:30.310Z,33.0488333,-115.5841667,7.18,3.12,ml,42,56,0.01071,0.29,ci,ci39641896,2020-12-12T22:28:27.040Z,"4km ENE of Westmorland, CA",earthquake,0.28,0.53,0.205,14,reviewed,ci,ci
2020-10-01T01:11:30.370Z,33.042,-115.5863333,4.87,3.09,ml,37,47,0.005265,0.25,ci,ci37470253,2021-03-22T14:58:40.237Z,"3km E of Westmorland, CA",earthquake,0.25,0.49,0.176,13,reviewed,ci,ci
2020-10-01T01:15:53.680Z,33.0688333,-115.6028333,7.67,3.15,ml,60,36,0.03519,0.26,ci,ci39641952,2020-12-12T22:28:27.040Z,"4km NNE of Westmorland, CA",earthquake,0.19,0.47,0.159,73,reviewed,ci,ci
2020-10-01T01:17:36.690Z,33.0625,-115.5885,10.9,3.46,mw,61,45,0.0248,0.26,ci,ci39641968,2021-09-16T18:44:50.335Z,"4km NE of Westmorland, CA",earthquake,0.21,0.41,,4,reviewed,ci,ci
2020-10-01T01:46:52.040Z,33.067,-115.5868333,14.08,3.45,ml,88,43,0.02896,0.26,ci,ci39642320,2021-03-17T20:59:27.737Z,"5km NE of Westmorland, CA",earthquake,0.17,0.36,0.192,41,reviewed,ci,ci
2020-10-01T01:47:11.160Z,33.015,-115.6121667,16.46,3.2,ml,15,94,0.03441,0.24,ci,ci37456549,2021-09-16T20:13:37.720Z,"3km SSE of Westmorland, CA",earthquake,0.53,0.81,0.075,7,reviewed,ci,ci
2020-10-01T02:48:47.671Z,38.1475,-117.9175,9,3,ml,32,45.34,0.034,0.1429,nn,nn00776479,2020-12-12T22:28:27.040Z,"31 km SSE of Mina, Nevada",earthquake,,0.6,0.27,17,reviewed,nn,nn
2020-10-01T03:31:00.900Z,33.084,-115.5898333,11.14,3.5,ml,75,55,0.0461,0.27,ci,ci39643256,2021-09-16T20:38:45.135Z,"6km NNE of Westmorland, CA",earthquake,0.21,0.4,0.114,238,reviewed,ci,ci
2020-10-01T03:32:57.950Z,33.0711667,-115.5986667,11.29,3.43,ml,69,39,0.03571,0.25,ci,ci39643288,2021-09-16T20:57:15.944Z,"4km NNE of Westmorland, CA",earthquake,0.18,0.35,0.123,103,reviewed,ci,ci
2020-10-01T03:36:34.130Z,33.0661667,-115.5971667,5.68,4.45,mw,64,40,0.03064,0.29,ci,ci39643328,2021-02-08T05:04:36.726Z,"4km NE of Westmorland, CA",earthquake,0.21,0.51,,6,reviewed,ci,ci
2020-10-01T03:37:04.380Z,33.0518333,-115.575,8.65,4.02,ml,11,90,0.01473,0.21,ci,ci37456405,2022-03-10T19:37:32.119Z,"5km ENE of Westmorland, CA",earthquake,0.48,0.83,0.148,6,reviewed,ci,ci
2020-10-01T03:37:54.500Z,33.0408333,-115.5938333,3.54,3.45,ml,31,54,0.01034,0.22,ci,ci39643336,2022-03-10T19:38:34.483Z,"3km E of Westmorland, CA",earthquake,0.26,0.45,0.095,6,reviewed,ci,ci
2020-10-01T03:38:03.840Z,33.048,-115.6073333,3.02,3.18,ml,7,117,0.02346,0.2,ci,ci37456565,2022-03-10T19:38:51.404Z,"2km NE of Westmorland, CA",earthquake,0.48,0.73,0.102,4,reviewed,ci,ci
2020-10-01T03:38:28.620Z,33.0646667,-115.5915,4.62,3.43,ml,47,43,0.02754,0.26,ci,ci39643344,2021-02-19T19:22:26.682Z,"4km NE of Westmorland, CA",earthquake,0.23,0.6,0.124,4,reviewed,ci,ci
2020-10-01T03:40:16.270Z,33.0725,-115.5976667,4.9,3.57,mlr,76,39,0.03662,0.3,ci,ci39643360,2021-09-30T23:01:44.202Z,"4km NNE of Westmorland, CA",earthquake,0.22,0.58,0.131,259,reviewed,ci,ci
2020-10-01T03:40:49.390Z,33.0766667,-115.5881667,8.19,3.17,ml,52,44,0.03866,0.28,ci,ci39643368,2021-09-30T22:49:00.071Z,"5km NE of Westmorland, CA",earthquake,0.24,0.66,0.07,17,reviewed,ci,ci
2020-10-01T06:57:58.240Z,33.0613333,-115.5931667,10.42,3.46,mw,60,44,0.02488,0.25,ci,ci39644616,2021-05-27T20:53:25.020Z,"4km NE of Westmorland, CA",earthquake,0.2,0.45,,4,reviewed,ci,ci
2020-10-01T07:10:24.250Z,33.0713333,-115.6,10.4,3.01,ml,58,39,0.03631,0.24,ci,ci39644672,2020-12-12T22:28:28.040Z,"4km NNE of Westmorland, CA",earthquake,0.19,0.43,0.133,87,reviewed,ci,ci
2020-10-01T12:46:38.210Z,33.0648333,-115.5765,10.72,3.5,ml,59,48,0.02689,0.23,ci,ci39646032,2020-12-12T22:28:29.040Z,"5km NE of Westmorland, CA",earthquake,0.18,0.45,0.135,255,reviewed,ci,ci
2020-10-01T13:23:13.960Z,33.0628333,-115.572,10.07,3.22,ml,55,49,0.02588,0.23,ci,ci39646168,2020-12-12T22:28:29.040Z,"5km ENE of Westmorland, CA",earthquake,0.18,0.46,0.152,68,reviewed,ci,ci
2020-10-01T13:35:39.460Z,33.067,-115.5781667,9.22,3.42,ml,84,47,0.02883,0.28,ci,ci39646224,2020-12-12T22:28:29.040Z,"5km NE of Westmorland, CA",earthquake,0.19,0.51,0.141,243,reviewed,ci,ci
2020-10-01T14:46:42.020Z,33.0626667,-115.577,10.06,3.62,mw,57,48,0.02469,0.27,ci,ci39646376,2020-12-12T22:28:30.040Z,"5km NE of Westmorland, CA",earthquake,0.2,0.51,,4,reviewed,ci,ci
2020-10-01T15:00:50.320Z,33.0633333,-115.5773333,4.02,3.03,ml,40,55,0.0253,0.24,ci,ci37457525,2020-10-08T18:20:02.473Z,"5km NE of Westmorland, CA",earthquake,0.22,0.36,0.189,67,reviewed,ci,ci
2020-10-01T15:21:41.510Z,33.0743333,-115.5693333,4.77,3.17,ml,85,47,0.03749,0.28,ci,ci39646520,2020-12-12T22:28:30.040Z,"6km NE of Westmorland, CA",earthquake,0.17,0.43,0.164,193,reviewed,ci,ci
2020-10-01T21:22:42.500Z,33.0653333,-115.5791667,6.74,3.03,ml,74,47,0.0271,0.27,ci,ci39647568,2020-12-12T22:28:31.040Z,"5km NE of Westmorland, CA",earthquake,0.16,0.39,0.14,169,reviewed,ci,ci
2020-10-01T22:47:30.980Z,33.0595,-115.5815,10.86,3.87,mw,61,47,0.02118,0.26,ci,ci39647856,2020-12-12T22:28:31.040Z,"4km ENE of Westmorland, CA",earthquake,0.21,0.45,,4,reviewed,ci,ci
2020-10-02T02:10:44.830Z,33.0658333,-115.5753333,10.79,3.22,ml,91,48,0.02805,0.27,ci,ci39648480,2020-12-12T22:28:33.040Z,"5km NE of Westmorland, CA",earthquake,0.16,0.35,0.135,230,reviewed,ci,ci
2020-10-02T06:08:19.880Z,33.0681667,-115.5708333,11.17,3.4,ml,59,48,0.03124,0.26,ci,ci39649040,2020-12-12T22:28:34.040Z,"6km NE of Westmorland, CA",earthquake,0.21,0.42,0.158,54,reviewed,ci,ci
2020-10-02T06:08:28.090Z,33.0691667,-115.5726667,5.63,3.71,ml,50,47,0.03178,0.26,ci,ci39649048,2022-06-21T06:06:55.941Z,"6km NE of Westmorland, CA",earthquake,0.22,0.46,0.121,80,reviewed,ci,ci
2020-10-02T06:08:50.640Z,33.0601667,-115.5716667,3.92,3.66,mw,65,48,0.02348,0.25,ci,ci39649056,2020-12-12T22:28:34.040Z,"5km ENE of Westmorland, CA",earthquake,0.17,0.32,,4,reviewed,ci,ci
2020-10-02T12:32:47.240Z,35.643,-117.5481667,6.13,3.4,ml,46,59,0.08991,0.12,ci,ci39649656,2020-12-12T22:28:35.040Z,"12km ENE of Ridgecrest, CA",earthquake,0.11,0.37,0.167,109,reviewed,ci,ci
2020-10-03T20:16:27.150Z,35.66,-117.4285,7.01,3.35,ml,68,25,0.07831,0.14,ci,ci39651712,2020-12-12T22:28:37.040Z,"12km S of Searles Valley, CA",earthquake,0.1,0.3,0.169,290,reviewed,ci,ci
2020-10-03T23:26:59.940Z,33.0223333,-115.5861667,12.8,3.62,mw,61,48,0.01628,0.26,ci,ci39651784,2020-12-12T22:28:38.040Z,"4km ESE of Westmorland, CA",earthquake,0.2,0.63,,4,reviewed,ci,ci
2020-10-04T04:49:17.490Z,39.3573333,-123.2521667,6.62,3.47,mw,52,40,0.06749,0.1,nc,nc73466321,2020-12-12T22:28:38.040Z,"11km ESE of Willits, CA",earthquake,0.13,0.33,,4,reviewed,nc,nc
2020-10-05T04:06:36.920Z,37.4838333,-118.8156667,3.96,3.46,md,31,118,0.09912,0.07,nc,nc73466751,2020-12-12T22:28:39.040Z,"15km SW of Toms Place, CA",earthquake,0.26,1.03,0.17,88,reviewed,nc,nc
2020-10-06T05:24:14.550Z,41.437,-123.9113333,31.85,3.07,ml,21,129,0.08592,0.19,nc,nc73467176,2020-12-12T22:28:41.040Z,"14km SE of Klamath, CA",earthquake,0.52,0.88,0.196,15,reviewed,nc,nc
2020-10-06T08:50:55.200Z,33.0406667,-115.5778333,11.03,3.02,ml,52,48,0.004182,0.3,ci,ci39653920,2020-12-12T22:28:42.040Z,"4km E of Westmorland, CA",earthquake,0.27,0.57,0.168,43,reviewed,ci,ci
2020-10-07T01:44:04.730Z,34.3541667,-116.8266667,7.82,3.42,mw,112,28,0.006167,0.15,ci,ci39654952,2021-04-01T16:51:33.585Z,"10km N of Big Bear City, CA",earthquake,0.09,0.26,,6,reviewed,ci,ci
2020-10-10T01:24:11.430Z,40.3761667,-123.7326667,28.6,3.73,mw,37,35,0.1591,0.19,nc,nc73468941,2020-12-19T17:22:42.040Z,"30km NNE of Redway, CA",earthquake,0.38,0.8,,5,reviewed,nc,nc
2020-10-11T14:59:36.333Z,38.1409,-118.0337,10.4,3.1,ml,29,43.15,0.024,0.1668,nn,nn00778222,2020-12-19T17:22:45.040Z,"28 km SSE of Mina, Nevada",earthquake,,0.7,0.2,16,reviewed,nn,nn
2020-10-14T21:42:41.170Z,36.0263333,-121.5443333,8.71,3.47,ml,108,177,0.1738,0.13,nc,nc73470856,2020-12-29T23:07:21.040Z,"2km ENE of Lopez Point, CA",earthquake,0.24,0.36,0.115,93,reviewed,nc,nc
2020-10-18T07:01:57.140Z,40.3536667,-124.2145,28.38,3.25,ml,29,86,0.06204,0.14,nc,nc73472226,2020-12-29T23:07:34.040Z,"7km ENE of Petrolia, CA",earthquake,0.43,0.67,0.234,22,reviewed,nc,nc
2020-10-18T10:31:34.980Z,32.4648333,-115.178,19.86,3.5,mw,49,55,0.1165,0.34,ci,ci39666952,2021-02-08T05:09:52.131Z,"12km N of Delta, B.C., MX",earthquake,0.35,0.57,,4,reviewed,ci,ci
2020-10-18T19:04:16.320Z,32.3963333,-115.2506667,7.43,3.24,ml,36,115,0.05144,0.34,ci,ci39667304,2020-12-29T23:07:36.040Z,"7km NW of Delta, B.C., MX",earthquake,0.5,1.09,0.15,190,reviewed,ci,ci
2020-10-19T03:34:43.950Z,34.8621667,-116.3395,4.84,3.47,mw,87,38,0.0329,0.15,ci,ci39667688,2020-12-29T23:07:37.040Z,"23km NW of Ludlow, CA",earthquake,0.08,0.22,,6,reviewed,ci,ci
2020-10-19T11:44:49.773Z,38.1495,-117.9942,7.8,3.1,ml,31,42.5,0.029,0.1264,nn,nn00779417,2020-12-29T23:07:40.040Z,"28 km SSE of Mina, Nevada",earthquake,,0.6,0.32,16,reviewed,nn,nn
2020-10-19T17:21:37.810Z,34.8663333,-116.3368333,5.06,3.11,ml,67,28,0.03688,0.25,ci,ci39668384,2020-12-29T23:07:43.040Z,"23km NW of Ludlow, CA",earthquake,0.16,31.61,0.165,239,reviewed,ci,ci
2020-10-20T01:58:50.210Z,39.3658333,-123.2443333,7.5,3.79,mw,55,35,0.07099,0.09,nc,nc73472896,2020-12-29T23:07:52.040Z,"11km ESE of Willits, CA",earthquake,0.13,0.3,,4,reviewed,nc,nc
2020-10-20T01:59:46.410Z,39.3638333,-123.2518333,7.02,3.43,mw,53,87,0.0725,0.09,nc,nc73472891,2020-12-29T23:07:52.040Z,"10km ESE of Willits, CA",earthquake,0.12,0.3,,3,reviewed,nc,nc
2020-10-20T10:30:46.070Z,33.0053333,-116.2895,7.14,3.44,ml,115,38,0.05192,0.2,ci,ci39669176,2020-12-29T23:08:02.040Z,"21km SW of Ocotillo Wells, CA",earthquake,0.11,0.44,0.142,186,reviewed,ci,ci
2020-10-20T11:51:55.636Z,38.1929,-117.7476,9.7,3.3,ml,32,69.35,0.035,0.1742,nn,nn00779626,2020-12-29T23:08:03.040Z,"38 km SE of Mina, Nevada",earthquake,,0.7,0.37,18,reviewed,nn,nn
2020-10-22T06:10:15.050Z,35.5008333,-118.4028333,2.94,3.27,ml,56,31,0.1717,0.19,ci,ci39441087,2021-02-04T16:12:22.683Z,"13km SE of Bodfish, CA",earthquake,0.16,0.75,0.151,170,reviewed,ci,ci
2020-10-22T09:19:35.090Z,34.863,-116.3423333,5.24,3.3,ml,29,70,0.03406,0.15,ci,ci39441199,2021-01-09T20:05:18.040Z,"23km NW of Ludlow, CA",earthquake,0.16,0.46,0.176,167,reviewed,ci,ci
2020-10-22T20:59:26.460Z,33.2,-115.5845,3.03,3.91,mw,101,37,0.03445,0.26,ci,ci39442103,2021-10-04T22:40:50.490Z,"8km SW of Niland, CA",earthquake,0.14,0.24,,6,reviewed,ci,ci
2020-10-26T13:38:36.600Z,38.5575,-122.306,9.35,3.46,mw,125,101,0.04457,0.15,nc,nc73475311,2021-07-09T05:11:53.722Z,"13km E of Angwin, CA",earthquake,0.18,0.28,,3,reviewed,nc,nc
2020-10-27T01:26:16.840Z,34.8598333,-116.339,5.11,3.3,ml,65,42,0.03054,0.16,ci,ci39445839,2021-01-09T20:05:29.040Z,"22km NW of Ludlow, CA",earthquake,0.1,0.31,0.15,286,reviewed,ci,ci
2020-10-27T05:45:59.765Z,38.1833,-117.8677,9.9,3.1,ml,32,40.02,0.022,0.1389,nn,nn00780537,2021-01-09T20:05:30.040Z,"31 km SE of Mina, Nevada",earthquake,,0.6,0.31,16,reviewed,nn,nn
2020-10-27T19:22:43.900Z,36.6015,-121.0576667,12.69,3.29,mw,80,62,0.0272,0.16,nc,nc73475701,2021-01-09T20:05:33.040Z,"11km NE of Pinnacles, CA",earthquake,0.18,0.32,,4,reviewed,nc,nc
2020-10-30T08:02:03.830Z,37.6336667,-119.396,8.39,3.1,md,44,60,0.2514,0.17,nc,nc73476346,2021-01-18T23:01:46.040Z,"20km SE of Yosemite Valley, CA",earthquake,0.35,1.66,0.174,48,reviewed,nc,nc
2020-10-31T14:41:09.785Z,38.1572,-117.937,10.5,3.1,ml,22,32.44,0.025,0.1394,nn,nn00781237,2021-01-18T23:01:53.040Z,"29 km SSE of Mina, Nevada",earthquake,,0.5,0.28,18,reviewed,nn,nn
2020-10-31T20:57:23.850Z,35.339,-118.5076667,3.64,3.02,ml,80,36,0.1832,0.18,ci,ci39452551,2021-01-18T23:01:54.040Z,"24km NNW of Tehachapi, CA",earthquake,0.13,0.74,0.191,260,reviewed,ci,ci
2020-11-03T17:41:19.160Z,39.367,-123.2448333,7,3.34,mw,50,54,0.07219,0.09,nc,nc73477526,2021-01-18T23:02:09.040Z,"11km ESE of Willits, CA",earthquake,0.13,0.31,,3,reviewed,nc,nc
2020-11-04T00:20:24.770Z,37.6391667,-119.3898333,11.81,3.4,ml,36,72,0.2466,0.06,nc,nc73477631,2021-01-23T22:25:26.040Z,"20km SE of Yosemite Valley, CA",earthquake,0.31,1.2,0.166,90,reviewed,nc,nc
2020-11-08T01:32:34.010Z,40.5281667,-124.8746667,10.88,3.02,ml,37,245,0.413,0.11,nc,nc73479226,2021-01-23T22:25:35.040Z,"52km W of Ferndale, CA",earthquake,0.46,1.05,0.156,12,reviewed,nc,nc
2020-11-08T10:04:47.117Z,38.18,-117.8036,10,3.1,ml,34,59.23,0.056,0.1902,nn,nn00782277,2021-01-23T22:25:36.040Z,"35 km SE of Mina, Nevada",earthquake,,0.7,0.27,19,reviewed,nn,nn
2020-11-09T15:22:10.350Z,35.9793333,-117.682,1.81,3.1,ml,48,40,0.04052,0.17,ci,ci39460703,2021-01-23T22:25:39.040Z,"21km ENE of Little Lake, CA",earthquake,0.14,0.21,0.181,211,reviewed,ci,ci
2020-11-10T16:15:12.940Z,34.4075,-120.0048333,0.9,3.25,ml,41,86,0.1219,0.24,ci,ci39461591,2021-01-23T22:25:42.040Z,"13km W of Isla Vista, CA",earthquake,0.21,0.41,0.111,94,reviewed,ci,ci
2020-11-11T20:26:59.420Z,36.8055,-121.536,6.9,3.3,ml,107,37,0.02916,0.17,nc,nc73480551,2021-01-27T17:28:40.040Z,"4km S of San Juan Bautista, CA",earthquake,0.14,0.35,0.148,72,reviewed,nc,nc
2020-11-13T09:13:51.862Z,38.1693,-117.8533,4.8,5.3,ml,34,38.45,0.016,0.1165,nn,nn00782942,2025-12-22T18:45:11.803Z,"33 km SE of Mina, Nevada",earthquake,,0.6,0.23,13,reviewed,nn,nn
2020-11-13T09:15:31.744Z,38.1787,-117.8544,9.03,4,ml,,41,0.021,0.76,us,us7000cefr,2022-06-19T01:17:14.489Z,"32 km SE of Mina, Nevada",earthquake,1.3,6.1,0.085,18,reviewed,us,us
2020-11-13T09:29:24.412Z,38.1718,-117.7965,10.1,4.3,ml,34,57.21,0.06,0.1644,nn,nn00782950,2021-01-27T17:28:59.040Z,"36 km SE of Mina, Nevada",earthquake,,0.7,0.25,15,reviewed,nn,nn
2020-11-13T09:32:50.167Z,38.1568,-117.867,4.7,3.4,ml,18,49.7,0.004,0.108,nn,nn00782956,2020-11-13T16:44:52.573Z,"33 km SE of Mina, Nevada",earthquake,,0.7,0.19,8,reviewed,nn,nn
2020-11-13T09:32:54.763Z,38.1666,-117.8385,5.3,3.4,ml,7,124.17,0.026,0.1008,nn,nn00783280,2021-01-27T17:29:03.040Z,"34 km SE of Mina, Nevada",earthquake,,1.4,0.43,6,reviewed,nn,nn
2020-11-13T11:32:48.171Z,38.1894,-117.7536,10.5,3.1,ml,30,57.95,0.039,0.1322,nn,nn00783078,2021-01-27T17:29:01.040Z,"38 km SE of Mina, Nevada",earthquake,,0.6,0.21,14,reviewed,nn,nn
2020-11-13T12:30:45.078Z,38.1659,-117.864,5.1,3,ml,27,37.34,0.007,0.1257,nn,nn00783119,2021-01-27T17:29:01.040Z,"32 km SE of Mina, Nevada",earthquake,,0.6,0.21,13,reviewed,nn,nn
2020-11-13T13:39:38.168Z,38.1622,-117.8655,5,3.3,ml,31,38.46,0.005,0.1585,nn,nn00783167,2021-01-27T17:29:02.040Z,"33 km SE of Mina, Nevada",earthquake,,0.6,0.3,15,reviewed,nn,nn
2020-11-13T17:43:23.664Z,38.1707,-117.8419,6.7,3.3,ml,33,40.85,0.025,0.1558,nn,nn00783320,2021-01-27T17:29:04.040Z,"33 km SE of Mina, Nevada",earthquake,,0.6,0.21,16,reviewed,nn,nn
2020-11-13T21:01:44.990Z,38.1623,-117.8615,5.4,3.5,ml,28,43.44,0.008,0.1332,nn,nn00783399,2021-01-27T17:29:07.040Z,"33 km SE of Mina, Nevada",earthquake,,0.6,0.22,13,reviewed,nn,nn
2020-11-13T22:08:02.644Z,38.1662,-117.8558,5.6,3.2,ml,28,39.85,0.013,0.1256,nn,nn00783439,2022-08-09T01:24:47.566Z,"33 km SE of Mina, Nevada",earthquake,,0.6,0.3,14,reviewed,nn,nn
2020-11-14T05:50:13.840Z,40.4361667,-124.6681667,23.46,3.32,ml,47,232,0.2554,0.17,nc,nc73481926,2021-01-27T17:29:11.040Z,"35km WNW of Petrolia, CA",earthquake,0.69,0.95,0.196,23,reviewed,nc,nc
2020-11-14T12:42:37.140Z,38.1626,-117.8673,5.2,3.4,ml,29,37.92,0.003,0.1504,nn,nn00783788,2021-01-27T17:29:15.040Z,"32 km SE of Mina, Nevada",earthquake,,0.6,0.36,14,reviewed,nn,nn
2020-11-14T15:07:33.127Z,38.1849,-117.7505,10.7,3,ml,26,70.39,0.043,0.1489,nn,nn00783856,2021-01-27T17:29:32.040Z,"38 km SE of Mina, Nevada",earthquake,,0.7,0.4,12,reviewed,nn,nn
2020-11-16T00:46:39.276Z,38.1669,-117.8617,4.4,3,ml,29,37.41,0.009,0.1176,nn,nn00784390,2021-01-27T17:29:47.040Z,"33 km SE of Mina, NV",earthquake,,0.6,0.3,13,reviewed,nn,nn
2020-11-16T04:43:08.432Z,38.1894,-117.7482,10.6,3.6,ml,37,58.02,0.038,0.149,nn,nn00784475,2021-01-27T17:29:48.040Z,"39 km SE of Mina, NV",earthquake,,0.6,0.36,18,reviewed,nn,nn
2020-11-16T09:28:01.580Z,34.0433333,-117.2331667,15.06,3.41,ml,177,24,0.07439,0.21,ci,ci39466855,2021-03-16T19:41:42.796Z,"3km ESE of Loma Linda, CA",earthquake,0.11,0.19,0.123,265,reviewed,ci,ci
2020-11-16T10:56:22.320Z,35.8881667,-117.7236667,7.67,3.59,mw,46,29,0.08421,0.17,ci,ci39466903,2021-01-27T17:29:50.040Z,"17km ESE of Little Lake, CA",earthquake,0.14,0.45,,4,reviewed,ci,ci
2020-11-16T13:52:23.067Z,38.1873,-117.7507,10.8,3.2,ml,33,57.96,0.04,0.1599,nn,nn00784615,2021-01-27T17:29:55.040Z,"39 km SE of Mina, NV",earthquake,,0.6,0.36,16,reviewed,nn,nn
2020-11-17T07:19:21.210Z,34.0711667,-116.7215,5.33,3.47,mw,127,23,0.0692,0.17,ci,ci39467983,2021-01-27T17:30:07.040Z,"13km WNW of Morongo Valley, CA",earthquake,0.09,0.4,,4,reviewed,ci,ci
2020-11-17T17:32:32.690Z,34.8618333,-116.3401667,5.26,3.51,mw,33,68,0.03263,0.15,ci,ci39468407,2021-01-27T17:30:18.040Z,"23km NW of Ludlow, CA",earthquake,0.15,0.43,,6,reviewed,ci,ci
2020-11-19T18:22:23.790Z,35.081,-118.8268333,2.71,3.06,ml,45,59,0.04587,0.16,ci,ci39470639,2021-02-03T17:49:09.040Z,"14km S of Arvin, CA",earthquake,0.15,0.26,0.179,132,reviewed,ci,ci
2020-11-20T10:10:05.966Z,38.1746,-117.8015,7.4,4,ml,31,54.57,0.056,0.1356,nn,nn00785349,2021-02-03T17:50:03.040Z,"36 km SE of Mina, Nevada",earthquake,,0.8,0.23,14,reviewed,nn,nn
2020-11-22T01:35:02.172Z,38.1759,-117.8895,10.5,3.8,ml,32,40.51,0.02,0.1368,nn,nn00785639,2021-02-03T17:50:04.040Z,"30 km SE of Mina, Nevada",earthquake,,0.5,0.14,16,reviewed,nn,nn
2020-11-24T07:56:22.501Z,38.1724,-117.8433,6.6,3.1,ml,26,40.18,0.025,0.1541,nn,nn00786004,2021-02-03T17:50:04.040Z,"33 km SE of Mina, Nevada",earthquake,,0.7,0.25,12,reviewed,nn,nn
2020-11-24T09:23:59.347Z,38.1728,-117.8219,6.3,3,ml,26,46.49,0.041,0.1228,nn,nn00786014,2021-02-03T17:50:05.040Z,"34 km SE of Mina, Nevada",earthquake,,0.8,0.3,13,reviewed,nn,nn
2020-11-26T09:50:30.460Z,38.0511667,-118.741,-0.74,3.37,ml,49,73,0.2731,0.05,nc,nc73487351,2021-02-06T18:28:19.040Z,"30km SE of Bodie, CA",earthquake,0.27,0.7,0.204,28,reviewed,nc,nc
2020-11-26T16:52:39.070Z,34.4638333,-117.9625,7.16,3.1,ml,166,18,0.01597,0.2,ci,ci39477655,2021-02-06T18:28:22.040Z,"7km SSE of Littlerock, CA",earthquake,0.1,0.34,0.173,301,reviewed,ci,ci
2020-11-26T22:59:57.630Z,33.174,-115.605,10.03,3.56,ml,104,36,0.009571,0.26,ci,ci39477815,2021-02-06T18:28:27.040Z,"10km WNW of Calipatria, CA",earthquake,0.15,0.38,0.155,160,reviewed,ci,ci
2020-11-29T15:46:52.440Z,40.279,-124.4136667,20.23,3.53,mw,25,244,0.05518,0.09,nc,nc73488761,2021-02-06T18:28:58.040Z,"12km WSW of Petrolia, CA",earthquake,0.72,0.29,,3,reviewed,nc,nc
2020-11-29T22:29:48.320Z,35.7128333,-117.5533333,7.23,3.09,ml,63,38,0.1088,0.16,ci,ci39480223,2021-02-06T18:29:04.040Z,"15km WSW of Searles Valley, CA",earthquake,0.12,0.33,0.09,24,reviewed,ci,ci
2020-11-30T10:25:26.573Z,38.0726,-118.2607,8,3,ml,34,47.31,0.186,0.1537,nn,nn00786787,2022-08-09T01:36:07.336Z,"33 km NE of Benton, California",earthquake,,2.9,0.3,18,reviewed,nn,nn
2020-11-30T11:51:23.914Z,38.1497,-117.9888,10.6,3,ml,31,42.45,0.026,0.1614,nn,nn00786813,2021-02-06T18:29:09.040Z,"28 km SSE of Mina, Nevada",earthquake,,0.6,0.18,15,reviewed,nn,nn
2020-12-01T01:54:49.480Z,35.6508333,-117.4676667,8.57,3.2,ml,45,65,0.06435,0.14,ci,ci39481463,2021-02-06T18:29:23.040Z,"14km SSW of Searles Valley, CA",earthquake,0.14,0.41,0.16,152,reviewed,ci,ci
2020-12-01T04:15:12.630Z,38.0508333,-118.7523333,8.11,3.06,ml,50,76,0.2795,0.07,nc,nc73491170,2021-02-06T18:29:24.040Z,"29km SE of Bodie, CA",earthquake,0.21,1.43,0.162,24,reviewed,nc,nc
2020-12-01T23:10:47.074Z,39.4724,-119.3708,13.1,3.8,ml,26,48.76,0.239,0.1961,nn,nn00787091,2021-02-06T18:29:34.040Z,"10 km N of Stagecoach, Nevada",earthquake,,2.4,0.25,7,reviewed,nn,nn
2020-12-01T23:32:56.573Z,38.1637,-118.0837,5,5.1,ml,21,42.28,0.025,0.1986,nn,nn00787105,2025-12-22T18:46:21.975Z,"25 km S of Mina, Nevada",earthquake,,2.5,0.25,11,reviewed,nn,nn
2020-12-01T23:35:42.457Z,38.1638,-118.0844,4.7,3.1,ml,24,76.78,0.026,0.1123,nn,nn00787110,2021-02-06T18:29:35.040Z,"25 km S of Mina, Nevada",earthquake,,1,0.23,8,reviewed,nn,nn
2020-12-01T23:39:55.064Z,38.1722,-118.0504,8,3.2,ml,28,42.51,0.013,0.1349,nn,nn00787116,2021-02-06T18:29:36.040Z,"24 km SSE of Mina, Nevada",earthquake,,0.7,0.12,13,reviewed,nn,nn
2020-12-01T23:43:08.516Z,38.1727,-118.0703,4.8,4.3,ml,33,41.81,0.019,0.1298,nn,nn00787124,2021-02-06T18:29:36.040Z,"24 km S of Mina, Nevada",earthquake,,0.7,0.25,16,reviewed,nn,nn
2020-12-01T23:47:05.591Z,38.1675,-118.0813,5.6,4.3,ml,34,42.09,0.024,0.1649,nn,nn00787133,2021-02-06T18:29:36.040Z,"24 km S of Mina, Nevada",earthquake,,0.8,0.16,16,reviewed,nn,nn
2020-12-02T00:29:33.499Z,38.1742,-118.0519,7.8,3.2,ml,24,41.68,0.014,0.1169,nn,nn00787182,2021-02-12T22:38:01.040Z,"24 km SSE of Mina, Nevada",earthquake,,0.9,0.2,10,reviewed,nn,nn
2020-12-02T00:46:15.840Z,38.1695,-118.0611,7,3,ml,32,41.94,0.012,0.1271,nn,nn00787206,2021-02-12T22:38:01.040Z,"24 km S of Mina, Nevada",earthquake,,0.7,0.25,17,reviewed,nn,nn
2020-12-02T02:23:45.029Z,38.1754,-118.0725,4.3,4.4,ml,25,41.69,0.022,0.149,nn,nn00787309,2022-08-09T01:37:22.588Z,"24 km S of Mina, Nevada",earthquake,,1.1,0.26,11,reviewed,nn,nn
2020-12-02T02:24:00.000Z,38.1674,-118.0867,4.76,4.3,mb,,113,0.226,0.3,us,us7000clvy,2021-02-12T22:38:03.040Z,"California-Nevada border region",earthquake,4.9,4.1,0.216,6,reviewed,us,us
2020-12-02T02:52:40.201Z,38.1589,-118.0987,4.2,3.3,ml,13,65.95,0.037,0.1835,nn,nn00787350,2022-08-09T01:37:58.233Z,"25 km S of Mina, Nevada",earthquake,,2,0.13,8,reviewed,nn,nn
2020-12-02T03:49:15.026Z,38.167,-118.0901,4.2,3.6,ml,28,42.13,0.031,0.1135,nn,nn00787419,2021-02-12T22:38:07.040Z,"24 km S of Mina, Nevada",earthquake,,0.9,0.2,12,reviewed,nn,nn
2020-12-02T04:49:28.774Z,38.1692,-118.0711,4.1,4.4,ml,28,41.98,0.018,0.1205,nn,nn00787479,2021-02-12T22:38:08.040Z,"24 km S of Mina, Nevada",earthquake,,0.8,0.23,13,reviewed,nn,nn
2020-12-02T06:08:22.402Z,38.1653,-118.0902,4.5,3.6,ml,30,42.21,0.031,0.1414,nn,nn00787562,2021-02-12T22:38:10.040Z,"25 km S of Mina, Nevada",earthquake,,1.1,0.18,15,reviewed,nn,nn
2020-12-02T07:44:32.648Z,38.1714,-118.0789,4.3,3.2,ml,22,41.89,0.024,0.1808,nn,nn00787636,2021-02-12T22:38:12.040Z,"24 km S of Mina, Nevada",earthquake,,1,0.21,16,reviewed,nn,nn
2020-12-02T09:35:01.151Z,38.1708,-118.0787,4.6,3,ml,31,71.24,0.024,0.1525,nn,nn00787721,2021-02-12T22:38:15.040Z,"24 km S of Mina, Nevada",earthquake,,0.9,0.27,16,reviewed,nn,nn
2020-12-02T09:55:00.132Z,38.1662,-118.0838,4.2,3,ml,27,71.62,0.026,0.1555,nn,nn00787744,2021-02-12T22:38:15.040Z,"24 km S of Mina, Nevada",earthquake,,1,0.24,12,reviewed,nn,nn
2020-12-02T10:36:53.513Z,38.1707,-118.0838,3.4,3.2,ml,32,41.94,0.027,0.1562,nn,nn00787783,2021-02-12T22:38:16.040Z,"24 km S of Mina, Nevada",earthquake,,1,0.16,15,reviewed,nn,nn
2020-12-02T10:41:01.738Z,38.1722,-118.0796,4.1,3.7,ml,33,41.86,0.025,0.1368,nn,nn00787789,2022-08-09T01:38:31.672Z,"24 km S of Mina, Nevada",earthquake,,0.9,0.16,16,reviewed,nn,nn
2020-12-02T14:07:12.292Z,38.1761,-118.0758,4.4,3.3,ml,32,67.89,0.025,0.1379,nn,nn00787962,2022-08-09T01:39:06.340Z,"23 km S of Mina, Nevada",earthquake,,0.9,0.21,16,reviewed,nn,nn
2020-12-02T16:08:29.013Z,38.1653,-118.0826,4.2,3.9,ml,32,42.2,0.025,0.1381,nn,nn00788046,2022-08-09T01:39:40.372Z,"25 km S of Mina, Nevada",earthquake,,0.9,0.13,16,reviewed,nn,nn
2020-12-03T03:18:10.464Z,38.1654,-117.858,4.6,4,ml,22,38.94,0.011,0.1345,nn,nn00788378,2021-02-12T22:38:29.040Z,"33 km SE of Mina, Nevada",earthquake,,0.7,0.28,9,reviewed,nn,nn
2020-12-03T03:19:42.963Z,38.1641,-117.8554,6.5,3,ml,24,65.73,0.013,0.1332,nn,nn00788382,2021-02-12T22:38:29.040Z,"33 km SE of Mina, Nevada",earthquake,,0.6,0.16,8,reviewed,nn,nn
2020-12-03T05:15:29.993Z,38.175,-118.0654,5,4.9,ml,30,41.69,0.018,0.1367,nn,nn00788443,2021-02-12T22:38:31.040Z,"24 km S of Mina, Nevada",earthquake,,0.8,0.25,13,reviewed,nn,nn
2020-12-03T05:23:49.773Z,38.1523,-118.0906,7,3.2,ml,22,46.47,0.031,0.1221,nn,nn00788457,2021-02-12T22:38:32.040Z,"26 km S of Mina, Nevada",earthquake,,1.9,0.34,9,reviewed,nn,nn
2020-12-03T10:10:02.367Z,38.1716,-118.0568,5.2,3,ml,32,66.13,0.012,0.1464,nn,nn00788703,2021-02-12T22:38:37.040Z,"24 km S of Mina, Nevada",earthquake,,0.8,0.18,16,reviewed,nn,nn
2020-12-03T13:41:30.727Z,38.17,-118.0797,4.5,3.2,ml,30,48.08,0.024,0.1394,nn,nn00788827,2021-02-12T22:38:38.040Z,"24 km S of Mina, Nevada",earthquake,,1,0.19,15,reviewed,nn,nn
2020-12-03T13:45:49.176Z,38.1725,-118.0825,3.8,3.2,ml,32,44,0.027,0.1702,nn,nn00788834,2021-02-12T22:38:39.040Z,"24 km S of Mina, Nevada",earthquake,,1,0.21,15,reviewed,nn,nn
2020-12-04T03:18:25.150Z,36.7416667,-121.4511667,7.58,3.17,ml,81,46,0.01858,0.17,nc,nc73492895,2021-02-12T22:38:47.040Z,"11km SW of Ridgemark, CA",earthquake,0.19,0.36,0.142,63,reviewed,nc,nc
2020-12-04T10:45:06.480Z,38.82,-122.8088333,2.59,3.71,mw,88,24,0.003526,0.06,nc,nc73493050,2021-02-12T22:38:51.040Z,"7km NW of The Geysers, CA",earthquake,0.1,0.16,,3,reviewed,nc,nc
2020-12-04T13:50:48.223Z,38.1593,-118.08,7.2,3,ml,32,46.96,0.022,0.1306,nn,nn00789385,2021-02-12T22:38:54.040Z,"25 km S of Mina, Nevada",earthquake,,0.7,0.3,16,reviewed,nn,nn
2020-12-04T18:10:27.454Z,38.1744,-118.0616,3.8,3.2,ml,32,48.05,0.016,0.148,nn,nn00789493,2021-02-12T22:39:08.040Z,"24 km S of Mina, Nevada",earthquake,,0.7,0.25,15,reviewed,nn,nn
2020-12-04T22:41:15.891Z,38.1485,-117.9923,7.9,3.1,ml,34,42.53,0.028,0.155,nn,nn00789615,2021-02-12T22:39:14.040Z,"28 km SSE of Mina, Nevada",earthquake,,0.6,0.2,15,reviewed,nn,nn
2020-12-05T05:41:29.460Z,33.4211667,-116.9311667,8.08,3.55,mw,152,17,0.08846,0.23,ci,ci39485527,2022-06-16T17:49:36.737Z,"7km WSW of Aguanga, CA",earthquake,0.1,0.5,,4,reviewed,ci,ci
2020-12-05T13:48:12.370Z,32.5916667,-117.29,15.71,3.25,ml,47,200,0.1351,0.16,ci,ci39485839,2022-07-25T12:19:20.447Z,"14km SW of Coronado, CA",earthquake,0.37,0.28,0.108,115,reviewed,ci,ci
2020-12-05T16:06:49.676Z,38.1449,-118.1052,5.6,3.2,ml,28,54.81,0.044,0.1234,nn,nn00789921,2021-02-12T22:39:28.040Z,"27 km S of Mina, Nevada",earthquake,,1.3,0.3,13,reviewed,nn,nn
2020-12-06T15:03:33.260Z,39.0376667,-123.0671667,4.95,4.39,mw,74,52,0.0443,0.1,nc,nc73494405,2021-02-12T22:39:42.040Z,"13km W of Lakeport, CA",earthquake,0.17,0.4,,4,reviewed,nc,nc
2020-12-06T15:17:53.130Z,33.237,-116.6693333,9.2,3.62,mw,138,12,0.04204,0.21,ci,ci39486671,2022-11-27T19:52:02.091Z,"6km SSW of Warner Springs, CA",earthquake,0.11,0.32,,4,reviewed,ci,ci
2020-12-06T20:40:21.115Z,38.1848,-117.7469,10.7,3,ml,25,70.66,0.043,0.1232,nn,nn00790301,2021-02-12T22:39:48.040Z,"39 km SE of Mina, Nevada",earthquake,,0.7,0.26,11,reviewed,nn,nn
2020-12-07T00:24:47.200Z,35.8835,-117.7008333,2.62,3.07,ml,39,32,0.0762,0.15,ci,ci39487087,2021-02-12T22:39:52.040Z,"20km ESE of Little Lake, CA",earthquake,0.12,0.24,0.124,82,reviewed,ci,ci
2020-12-07T03:58:09.560Z,33.0455,-115.5841667,12.9,3.33,ml,58,39,0.007465,0.24,ci,ci39487231,2021-02-12T22:39:53.040Z,"4km ENE of Westmorland, CA",earthquake,0.19,0.49,0.149,100,reviewed,ci,ci
2020-12-07T08:31:17.123Z,38.178,-117.8765,8.7,3.5,ml,33,40.31,0.017,0.1532,nn,nn00790418,2021-02-12T22:39:57.040Z,"31 km SE of Mina, Nevada",earthquake,,0.5,0.28,15,reviewed,nn,nn
2020-12-08T17:48:21.835Z,38.157,-118.0854,7.1,3.1,ml,22,42.61,0.026,0.1782,nn,nn00790706,2021-02-12T22:40:30.040Z,"25 km S of Mina, Nevada",earthquake,,1.1,0.25,15,reviewed,nn,nn
2020-12-10T16:28:01.460Z,38.1826,-117.7888,10.5,3,ml,28,66.68,0.056,0.1437,nn,nn00791087,2021-02-20T16:11:08.040Z,"36 km SE of Mina, Nevada",earthquake,,0.7,0.28,12,reviewed,nn,nn
2020-12-12T07:50:52.930Z,38.1497,-118.1008,6.4,4.9,ml,30,43.01,0.04,0.1745,nn,nn00791435,2025-12-22T18:46:51.710Z,"26 km S of Mina, Nevada",earthquake,,1.1,0.2,13,reviewed,nn,nn
2020-12-12T07:52:59.110Z,38.1604,-118.0928,5,3.7,ml,28,77.16,0.032,0.1569,nn,nn00791440,2021-02-20T16:11:28.040Z,"25 km S of Mina, Nevada",earthquake,,1.1,0.29,10,reviewed,nn,nn
2020-12-12T08:25:01.979Z,38.145,-118.1032,6.8,3.9,ml,32,43.25,0.043,0.1493,nn,nn00791462,2021-08-27T22:09:34.574Z,"27 km S of Mina, Nevada",earthquake,,1.1,0.23,15,reviewed,nn,nn
2020-12-12T08:56:41.841Z,38.1545,-118.0891,6.6,3.1,ml,24,127.6,0.03,0.1798,nn,nn00791517,2021-02-20T16:11:29.040Z,"26 km S of Mina, Nevada",earthquake,,1,0.41,10,reviewed,nn,nn
2020-12-12T09:56:10.066Z,38.1526,-118.0855,7.8,3.1,ml,32,44.14,0.027,0.161,nn,nn00791523,2021-02-20T16:11:29.040Z,"26 km S of Mina, Nevada",earthquake,,0.9,0.2,14,reviewed,nn,nn
2020-12-12T19:20:12.790Z,39.9101667,-123.7551667,5.74,3.02,ml,23,118,0.08191,0.12,nc,nc73497020,2021-12-22T03:26:20.070Z,"20km NNE of Rockport, CA",earthquake,0.32,0.44,0.263,13,reviewed,nc,nc
2020-12-14T05:32:39.120Z,40.3806667,-124.8995,14.74,3.06,ml,28,261,0.4356,0.23,nc,nc73497495,2021-02-20T16:11:49.040Z,"52km W of Petrolia, CA",earthquake,0.81,0.96,0.182,10,reviewed,nc,nc
2020-12-14T21:20:10.831Z,38.1554,-118.1231,5.2,4.7,ml,33,42.76,0.056,0.1432,nn,nn00792158,2022-06-16T17:57:12.563Z,"26 km S of Mina, Nevada",earthquake,,1.8,0.51,12,reviewed,nn,nn
2020-12-14T23:23:50.032Z,38.1743,-118.0682,6.8,3.1,ml,9,206.27,0.019,0.1614,nn,nn00792238,2021-02-20T16:12:07.040Z,"24 km S of Mina, Nevada",earthquake,,1.4,0.26,7,reviewed,nn,nn
2020-12-15T00:35:22.346Z,38.1598,-117.942,10.8,4.3,ml,33,27.42,0.025,0.1472,nn,nn00792265,2022-08-09T01:49:11.868Z,"29 km SSE of Mina, Nevada",earthquake,,0.5,0.18,15,reviewed,nn,nn
2020-12-15T05:41:36.358Z,38.1478,-118.0754,5.1,3.6,ml,30,43.03,0.022,0.1693,nn,nn00792430,2022-08-09T01:49:55.605Z,"27 km S of Mina, Nevada",earthquake,,0.9,0.24,14,reviewed,nn,nn
2020-12-15T05:54:42.533Z,38.1673,-118.0907,4.7,3.3,ml,28,42.12,0.031,0.1492,nn,nn00792442,2021-02-20T16:12:10.040Z,"California-Nevada border region",earthquake,,1.1,0.39,15,reviewed,nn,nn
2020-12-15T07:37:33.189Z,38.1627,-118.1018,4.7,3.3,ml,33,42.36,0.039,0.1488,nn,nn00792496,2021-02-20T16:12:11.040Z,"25 km S of Mina, Nevada",earthquake,,1.2,0.29,15,reviewed,nn,nn
2020-12-15T14:58:40.020Z,37.1605,-121.5493333,4.34,3.68,mw,163,31,0.0602,0.16,nc,nc73498145,2023-03-16T00:47:14.238Z,"10km ENE of Morgan Hill, CA",earthquake,0.11,0.38,,3,reviewed,nc,nc
2020-12-15T14:59:41.220Z,37.1608333,-121.5483333,3.85,3.54,mw,148,37,0.05953,0.12,nc,nc73498140,2021-02-20T18:07:02.040Z,"10km ENE of Morgan Hill, CA",earthquake,0.1,0.31,,3,reviewed,nc,nc
2020-12-17T09:31:01.088Z,38.1517,-118.0947,6.7,3.1,ml,32,42.9,0.035,0.1589,nn,nn00793161,2021-02-27T23:25:09.040Z,"26 km S of Mina, Nevada",earthquake,,1,0.26,15,reviewed,nn,nn
2020-12-18T16:13:42.360Z,40.4311667,-124.2291667,25.76,3.97,mw,30,87,0.083,0.14,nc,nc73499875,2021-02-27T23:25:47.040Z,"13km NNE of Petrolia, CA",earthquake,0.28,0.53,,3,reviewed,nc,nc
2020-12-19T17:43:19.155Z,38.1563,-118.1007,4.8,3,ml,26,48.57,0.039,0.121,nn,nn00793585,2021-02-27T23:26:13.040Z,"26 km S of Mina, Nevada",earthquake,,1.1,0.42,12,reviewed,nn,nn
2020-12-22T00:30:00.240Z,32.3371667,-115.3908333,15.21,4.05,mw,54,76,0.1096,0.32,ci,ci39500455,2021-07-19T21:07:19.912Z,"19km W of Delta, B.C., MX",earthquake,0.41,0.68,,6,reviewed,ci,ci
2020-12-23T22:22:19.690Z,32.3358333,-115.3795,15.2,3.34,ml,46,86,0.1046,0.34,ci,ci39502175,2021-03-06T23:18:04.040Z,"18km W of Delta, B.C., MX",earthquake,0.41,0.73,0.212,166,reviewed,ci,ci
2020-12-25T20:25:59.070Z,33.7473333,-115.9211667,3.68,3.64,mw,86,42,0.08094,0.18,ci,ci39504023,2021-03-06T23:18:50.040Z,"23km ENE of Thermal, CA",earthquake,0.14,0.41,,4,reviewed,ci,ci
2020-12-26T05:54:55.850Z,39.2513333,-120.1753333,-2.3,3,ml,15,57,0.1386,0.13,nc,nc73502910,2021-07-09T05:26:57.720Z,"9km S of Truckee, CA",earthquake,0.3,1.2,0.119,8,reviewed,nc,nc
2020-12-27T04:05:37.240Z,35.4886667,-118.2883333,2.7,3.5,ml,61,27,0.1299,0.15,ci,ci39505103,2021-08-27T12:49:38.311Z,"22km ESE of Bodfish, CA",earthquake,0.13,0.54,0.146,132,reviewed,ci,ci
2020-12-27T04:17:10.681Z,37.5355,-117.7351,11.3,3.4,ml,30,56.16,0.311,0.1428,nn,nn00794857,2021-03-06T23:19:24.040Z,"25 km SSW of Silver Peak, Nevada",earthquake,,0.7,0.26,14,reviewed,nn,nn
2020-12-27T05:50:31.260Z,38.0408333,-118.7363333,4.62,3.45,ml,55,72,0.2783,0.06,nc,nc73503305,2021-03-06T23:19:26.040Z,"31km SE of Bodie, CA",earthquake,0.2,5.62,0.299,28,reviewed,nc,nc
2020-12-27T14:44:40.090Z,39.5058333,-122.0176667,26.35,3.86,mw,31,37,0.2559,0.16,nc,nc73503450,2021-04-20T02:52:24.798Z,"15km E of Willows, CA",earthquake,0.31,1.06,,4,reviewed,nc,nc
2020-12-27T19:05:47.530Z,36.8441667,-121.5748333,3.98,3.19,ml,89,26,0.04484,0.19,nc,nc73503535,2021-03-06T23:19:35.040Z,"3km W of San Juan Bautista, CA",earthquake,0.16,0.37,0.139,62,reviewed,nc,nc
2020-12-28T14:34:53.600Z,32.4385,-115.1648333,27.81,3.37,ml,28,91,0.12,0.33,ci,ci39505887,2021-03-06T23:19:55.040Z,"10km NNE of Delta, B.C., MX",earthquake,0.58,0.82,0.277,37,reviewed,ci,ci
2020-12-30T08:30:22.090Z,36.605,-121.2088333,5.98,3.1,ml,64,55,0.08536,0.11,nc,nc73504420,2021-03-06T23:20:37.040Z,"10km NW of Pinnacles, CA",earthquake,0.15,0.7,0.132,57,reviewed,nc,nc
2020-12-31T04:22:03.380Z,38.8388333,-122.8231667,2.27,3.63,mw,86,36,0.009625,0.05,nc,nc73504795,2021-03-06T23:20:53.040Z,"9km WNW of Cobb, CA",earthquake,0.1,0.13,,5,reviewed,nc,nc
2020-12-31T13:41:59.040Z,37.7995,-122.5936667,12.99,3.33,ml,193,92,0.08764,0.1,nc,nc73505175,2024-12-13T19:41:08.155Z,"7km S of Muir Beach, CA",earthquake,0.13,0.17,0.253,97,reviewed,nc,nc
